slug,title,category,winery,photo_name,mapping_status,mapping_method,issue_type,reason,metadata_candidate_count,metadata_top_score,metadata_candidates,deterministic_candidates
avtohtonnoe-vino-kryma-beloe-suhoe,Автохтонное Вино Крыма белое сухое,Белое,Валерий Захарьин,PUSjv7dnMNilH25TO9BcbFN55lPrHsK4eSLja8tm9Ur62n50PyxhlRO1RU4s3eNZb1YqGT4HJPD_77QgWTf3Ng==.webp,unmatched,no_deterministic_media_candidate,unmatched,ASCII name without deterministic candidate,46,10,"[{""archive_path"": ""prod-svoe-vino-strapi/prod-svoe-vino/strapi/uploads/valeriy_zaharin_aleatiko_kefesiya_avtohtonnoe_vino_kryma_ot_valeriya_zaharina_rozovoe_suhoe_125_135a858d15.webp"", ""basename"": ""valeriy_zaharin_aleatiko_kefesiya_avtohtonnoe_vino_kryma_ot_valeriya_zaharina_rozovoe_suhoe_125_135a858d15.webp"", ""score"": 10, ""matched_tokens"": [""avtohtonnoe"", ""kryma"", ""zaharin""]}, {""archive_path"": ""prod-svoe-vino-strapi/prod-svoe-vino/strapi/uploads/valeriy_zaharin_avtohtonnoe_vino_kryma_avtorskiy_kupazh_bastardo_saperavi_kefesiya_bastardo_magarachskiy_krasnoe_suhoe_12_1d86b29cfe.webp"", ""basename"": ""valeriy_zaharin_avtohtonnoe_vino_kryma_avtorskiy_kupazh_bastardo_saperavi_kefesiya_bastardo_magarachskiy_krasnoe_suhoe_12_1d86b29cfe.webp"", ""score"": 10, ""matched_tokens"": [""avtohtonnoe"", ""kryma"", ""zaharin""]}, {""archive_path"": ""prod-svoe-vino-strapi/prod-svoe-vino/strapi/uploads/valeriy_zaharin_avtohtonnoe_vino_kryma_ot_valeriya_zaharina_aleatiko_kefesiya_rozovoe_suhoe_11_8a5f697ad1.webp"", ""basename"": ""valeriy_zaharin_avtohtonnoe_vino_kryma_ot_valeriya_zaharina_aleatiko_kefesiya_rozovoe_suhoe_11_8a5f697ad1.webp"", ""score"": 10, ""matched_tokens"": [""avtohtonnoe"", ""kryma"", ""zaharin""]}, {""archive_path"": ""prod-svoe-vino-strapi/prod-svoe-vino/strapi/uploads/valeriy_zaharin_avtohtonnoe_vino_kryma_ot_valeriya_zaharina_bastardo_kefesiya_bastardo_magarachskiy_krasnoe_suhoe_115_292d4c5970.webp"", ""basename"": ""valeriy_zaharin_avtohtonnoe_vino_kryma_ot_valeriya_zaharina_bastardo_kefesiya_bastardo_magarachskiy_krasnoe_suhoe_115_292d4c5970.webp"", ""score"": 10, ""matched_tokens"": [""avtohtonnoe"", ""kryma"", ""zaharin""]}, {""archive_path"": ""prod-svoe-vino-strapi/prod-svoe-vino/strapi/uploads/valeriy_zaharin_avtohtonnoe_vino_kryma_ot_valeriya_zaharina_kefesiya_rezerv_krasnoe_suhoe_13_a236e73a0c.webp"", ""basename"": ""valeriy_zaharin_avtohtonnoe_vino_kryma_ot_valeriya_zaharina_kefesiya_rezerv_krasnoe_suhoe_13_a236e73a0c.webp"", ""score"": 10, ""matched_tokens"": [""avtohtonnoe"", ""kryma"", ""zaharin""]}]",[]
aligote-barrel-2024,"Алиготе Баррель, 2024",Белое,Коммуналка,DSC09173.webp,unmatched,no_deterministic_media_candidate,unmatched,ASCII name without deterministic candidate,57,4,"[{""archive_path"": ""prod-svoe-vino-strapi/prod-svoe-vino/strapi/uploads/03_Silvaner_2022_Barrel_Fermented_01addc1e7f.webp"", ""basename"": ""03_Silvaner_2022_Barrel_Fermented_01addc1e7f.webp"", ""score"": 4, ""matched_tokens"": [""barrel""]}, {""archive_path"": ""prod-svoe-vino-strapi/prod-svoe-vino/strapi/uploads/03_Silvaner_2022_Barrel_Fermented_505ca7243c.webp"", ""basename"": ""03_Silvaner_2022_Barrel_Fermented_505ca7243c.webp"", ""score"": 4, ""matched_tokens"": [""barrel""]}, {""archive_path"": ""prod-svoe-vino-strapi/prod-svoe-vino/strapi/uploads/03_Silvaner_2022_Barrel_Fermented_a5aaf46b23.webp"", ""basename"": ""03_Silvaner_2022_Barrel_Fermented_a5aaf46b23.webp"", ""score"": 4, ""matched_tokens"": [""barrel""]}, {""archive_path"": ""prod-svoe-vino-strapi/prod-svoe-vino/strapi/uploads/Aligote_Czitron_bel_suh_1cc2763d35.webp"", ""basename"": ""Aligote_Czitron_bel_suh_1cc2763d35.webp"", ""score"": 4, ""matched_tokens"": [""aligote""]}, {""archive_path"": ""prod-svoe-vino-strapi/prod-svoe-vino/strapi/uploads/Aligote_Czitron_bel_suh_8bc8ca2832.webp"", ""basename"": ""Aligote_Czitron_bel_suh_8bc8ca2832.webp"", ""score"": 4, ""matched_tokens"": [""aligote""]}]",[]
agora-rosa-viva-cabernet-franc,Agora ROSA VIVA Cabernet Franc,Красное,AGORA WINERY,fpZEJhYZPstBYLV_1775199670.webp,unmatched,no_deterministic_media_candidate,unmatched,opaque/random + timestamp-like name,192,10,"[{""archive_path"": ""prod-svoe-vino-strapi/prod-svoe-vino/strapi/uploads/belmas_winery_cabernet_franc_belmas_kaberne_fran_krasnoe_suhoe_14_ce15b611a1.webp"", ""basename"": ""belmas_winery_cabernet_franc_belmas_kaberne_fran_krasnoe_suhoe_14_ce15b611a1.webp"", ""score"": 10, ""matched_tokens"": [""cabernet"", ""franc"", ""winery""]}, {""archive_path"": ""prod-svoe-vino-strapi/prod-svoe-vino/strapi/uploads/ferrum_winery_sabernet_sauvignon_cabernet_franc_kaberne_sovinon_krasnoe_suhoe_12_89900c9039.webp"", ""basename"": ""ferrum_winery_sabernet_sauvignon_cabernet_franc_kaberne_sovinon_krasnoe_suhoe_12_89900c9039.webp"", ""score"": 10, ""matched_tokens"": [""cabernet"", ""franc"", ""winery""]}, {""archive_path"": ""prod-svoe-vino-strapi/prod-svoe-vino/strapi/uploads/olymp_winery_adagum_cabernet_franc_kaberne_fran_krasnoe_suhoe_11_1296da5e1c.webp"", ""basename"": ""olymp_winery_adagum_cabernet_franc_kaberne_fran_krasnoe_suhoe_11_1296da5e1c.webp"", ""score"": 10, ""matched_tokens"": [""cabernet"", ""franc"", ""winery""]}, {""archive_path"": ""prod-svoe-vino-strapi/prod-svoe-vino/strapi/uploads/AYA_marquetry_cabernet_franc_2023_bottle_81526424ed.webp"", ""basename"": ""AYA_marquetry_cabernet_franc_2023_bottle_81526424ed.webp"", ""score"": 8, ""matched_tokens"": [""cabernet"", ""franc""]}, {""archive_path"": ""prod-svoe-vino-strapi/prod-svoe-vino/strapi/uploads/AYA_marquetry_syrah_merlot_cabernet_franc_2023_bottle_1174396457.webp"", ""basename"": ""AYA_marquetry_syrah_merlot_cabernet_franc_2023_bottle_1174396457.webp"", ""score"": 8, ""matched_tokens"": [""cabernet"", ""franc""]}]",[]
agora-rosa-viva-cabernet-sauvignon-shiraz,Agora ROSA VIVA Cabernet Sauvignon Shiraz,Красное,AGORA WINERY,22RA11aBWFX8Yu9_1775199820.webp,unmatched,no_deterministic_media_candidate,unmatched,opaque/random + timestamp-like name,221,10,"[{""archive_path"": ""prod-svoe-vino-strapi/prod-svoe-vino/strapi/uploads/belmas_winery_cabernet_sauvignon_rose_belmas_kaberne_sovinon_rozovoe_suhoe_13_d837f5aa21.webp"", ""basename"": ""belmas_winery_cabernet_sauvignon_rose_belmas_kaberne_sovinon_rozovoe_suhoe_13_d837f5aa21.webp"", ""score"": 10, ""matched_tokens"": [""cabernet"", ""sauvignon"", ""winery""]}, {""archive_path"": ""prod-svoe-vino-strapi/prod-svoe-vino/strapi/uploads/cloudy_winery_krash_cabernet_sauvignon_kaberne_sovinon_krasnoe_suhoe_14_7de40e47b0.webp"", ""basename"": ""cloudy_winery_krash_cabernet_sauvignon_kaberne_sovinon_krasnoe_suhoe_14_7de40e47b0.webp"", ""score"": 10, ""matched_tokens"": [""cabernet"", ""sauvignon"", ""winery""]}, {""archive_path"": ""prod-svoe-vino-strapi/prod-svoe-vino/strapi/uploads/ferrum_winery_sabernet_sauvignon_cabernet_franc_kaberne_sovinon_krasnoe_suhoe_12_89900c9039.webp"", ""basename"": ""ferrum_winery_sabernet_sauvignon_cabernet_franc_kaberne_sovinon_krasnoe_suhoe_12_89900c9039.webp"", ""score"": 10, ""matched_tokens"": [""cabernet"", ""sauvignon"", ""winery""]}, {""archive_path"": ""prod-svoe-vino-strapi/prod-svoe-vino/strapi/uploads/olymp_winery_adagum_cabernet_sauvignon_kaberne_sovinon_krasnoe_suhoe_11_389c433b06.webp"", ""basename"": ""olymp_winery_adagum_cabernet_sauvignon_kaberne_sovinon_krasnoe_suhoe_11_389c433b06.webp"", ""score"": 10, ""matched_tokens"": [""cabernet"", ""sauvignon"", ""winery""]}, {""archive_path"": ""prod-svoe-vino-strapi/prod-svoe-vino/strapi/uploads/olymp_winery_adagum_estate_cabernet_sauvignon_kaberne_sovinon_krasnoe_suhoe_11_425fadfccf.webp"", ""basename"": ""olymp_winery_adagum_estate_cabernet_sauvignon_kaberne_sovinon_krasnoe_suhoe_11_425fadfccf.webp"", ""score"": 10, ""matched_tokens"": [""cabernet"", ""sauvignon"", ""winery""]}]",[]
agora-rosa-viva-muscat,Agora ROSA VIVA Muscat,Розовое,AGORA WINERY,kOtRttCJvP1R7jP_1775199321.webp,unmatched,no_deterministic_media_candidate,unmatched,opaque/random + timestamp-like name,179,8,"[{""archive_path"": ""prod-svoe-vino-strapi/prod-svoe-vino/strapi/uploads/Elena_Eremina_generalnyj_direktor_AGORA_WINERY_1_08a0b4f993.webp"", ""basename"": ""Elena_Eremina_generalnyj_direktor_AGORA_WINERY_1_08a0b4f993.webp"", ""score"": 8, ""matched_tokens"": [""agora"", ""winery""]}, {""archive_path"": ""prod-svoe-vino-strapi/prod-svoe-vino/strapi/uploads/agora_winery_cuvee_pino_gridzhio_shardone_bryut_beloe_igristoe_bryut_beloe_125_16b20c89df.webp"", ""basename"": ""agora_winery_cuvee_pino_gridzhio_shardone_bryut_beloe_igristoe_bryut_beloe_125_16b20c89df.webp"", ""score"": 8, ""matched_tokens"": [""agora"", ""winery""]}, {""archive_path"": ""prod-svoe-vino-strapi/prod-svoe-vino/strapi/uploads/agora_winery_cuvee_pino_nuar_shardone_bryut_rozovoe_igristoe_bryut_rozovoe_125_c2b30c8f55.webp"", ""basename"": ""agora_winery_cuvee_pino_nuar_shardone_bryut_rozovoe_igristoe_bryut_rozovoe_125_c2b30c8f55.webp"", ""score"": 8, ""matched_tokens"": [""agora"", ""winery""]}, {""archive_path"": ""prod-svoe-vino-strapi/prod-svoe-vino/strapi/uploads/9_03_yura_agora_vajneri_72222974a5.webp"", ""basename"": ""9_03_yura_agora_vajneri_72222974a5.webp"", ""score"": 6, ""matched_tokens"": [""agora""]}, {""archive_path"": ""prod-svoe-vino-strapi/prod-svoe-vino/strapi/uploads/Agora_Bastardo_59a04897ff.webp"", ""basename"": ""Agora_Bastardo_59a04897ff.webp"", ""score"": 6, ""matched_tokens"": [""agora""]}]",[]
agora-rosa-viva-riesling,Agora ROSA VIVA Riesling,Белое,AGORA WINERY,BYrAbT0xREdRg8j_1775199389.webp,unmatched,no_deterministic_media_candidate,unmatched,opaque/random + timestamp-like name,180,8,"[{""archive_path"": ""prod-svoe-vino-strapi/prod-svoe-vino/strapi/uploads/Elena_Eremina_generalnyj_direktor_AGORA_WINERY_1_08a0b4f993.webp"", ""basename"": ""Elena_Eremina_generalnyj_direktor_AGORA_WINERY_1_08a0b4f993.webp"", ""score"": 8, ""matched_tokens"": [""agora"", ""winery""]}, {""archive_path"": ""prod-svoe-vino-strapi/prod-svoe-vino/strapi/uploads/agora_winery_cuvee_pino_gridzhio_shardone_bryut_beloe_igristoe_bryut_beloe_125_16b20c89df.webp"", ""basename"": ""agora_winery_cuvee_pino_gridzhio_shardone_bryut_beloe_igristoe_bryut_beloe_125_16b20c89df.webp"", ""score"": 8, ""matched_tokens"": [""agora"", ""winery""]}, {""archive_path"": ""prod-svoe-vino-strapi/prod-svoe-vino/strapi/uploads/agora_winery_cuvee_pino_nuar_shardone_bryut_rozovoe_igristoe_bryut_rozovoe_125_c2b30c8f55.webp"", ""basename"": ""agora_winery_cuvee_pino_nuar_shardone_bryut_rozovoe_igristoe_bryut_rozovoe_125_c2b30c8f55.webp"", ""score"": 8, ""matched_tokens"": [""agora"", ""winery""]}, {""archive_path"": ""prod-svoe-vino-strapi/prod-svoe-vino/strapi/uploads/belmas_winery_riesling_belmas_risling_beloe_suhoe_135_f64f3944b9.webp"", ""basename"": ""belmas_winery_riesling_belmas_risling_beloe_suhoe_135_f64f3944b9.webp"", ""score"": 6, ""matched_tokens"": [""riesling"", ""winery""]}, {""archive_path"": ""prod-svoe-vino-strapi/prod-svoe-vino/strapi/uploads/belmas_winery_riesling_katya_belmas_risling_beloe_suhoe_125_43237968a1.webp"", ""basename"": ""belmas_winery_riesling_katya_belmas_risling_beloe_suhoe_125_43237968a1.webp"", ""score"": 6, ""matched_tokens"": [""riesling"", ""winery""]}]",[]
agora-rosa-viva-beloe-bryut,Agora Rosa Viva Белое Брют,Белое,AGORA WINERY,O4nl0YWdgyo6HNd_1775200002.webp,unmatched,no_deterministic_media_candidate,unmatched,opaque/random + timestamp-like name,168,8,"[{""archive_path"": ""prod-svoe-vino-strapi/prod-svoe-vino/strapi/uploads/Elena_Eremina_generalnyj_direktor_AGORA_WINERY_1_08a0b4f993.webp"", ""basename"": ""Elena_Eremina_generalnyj_direktor_AGORA_WINERY_1_08a0b4f993.webp"", ""score"": 8, ""matched_tokens"": [""agora"", ""winery""]}, {""archive_path"": ""prod-svoe-vino-strapi/prod-svoe-vino/strapi/uploads/agora_winery_cuvee_pino_gridzhio_shardone_bryut_beloe_igristoe_bryut_beloe_125_16b20c89df.webp"", ""basename"": ""agora_winery_cuvee_pino_gridzhio_shardone_bryut_beloe_igristoe_bryut_beloe_125_16b20c89df.webp"", ""score"": 8, ""matched_tokens"": [""agora"", ""winery""]}, {""archive_path"": ""prod-svoe-vino-strapi/prod-svoe-vino/strapi/uploads/agora_winery_cuvee_pino_nuar_shardone_bryut_rozovoe_igristoe_bryut_rozovoe_125_c2b30c8f55.webp"", ""basename"": ""agora_winery_cuvee_pino_nuar_shardone_bryut_rozovoe_igristoe_bryut_rozovoe_125_c2b30c8f55.webp"", ""score"": 8, ""matched_tokens"": [""agora"", ""winery""]}, {""archive_path"": ""prod-svoe-vino-strapi/prod-svoe-vino/strapi/uploads/9_03_yura_agora_vajneri_72222974a5.webp"", ""basename"": ""9_03_yura_agora_vajneri_72222974a5.webp"", ""score"": 6, ""matched_tokens"": [""agora""]}, {""archive_path"": ""prod-svoe-vino-strapi/prod-svoe-vino/strapi/uploads/Agora_Bastardo_59a04897ff.webp"", ""basename"": ""Agora_Bastardo_59a04897ff.webp"", ""score"": 6, ""matched_tokens"": [""agora""]}]",[]
agora-rosa-viva-beloe-polusladkoe,Agora Rosa Viva Белое Полусладкое,Белое,AGORA WINERY,ugbHOGJxxJ9PvCj_1775200212.webp,unmatched,no_deterministic_media_candidate,unmatched,opaque/random + timestamp-like name,168,8,"[{""archive_path"": ""prod-svoe-vino-strapi/prod-svoe-vino/strapi/uploads/Elena_Eremina_generalnyj_direktor_AGORA_WINERY_1_08a0b4f993.webp"", ""basename"": ""Elena_Eremina_generalnyj_direktor_AGORA_WINERY_1_08a0b4f993.webp"", ""score"": 8, ""matched_tokens"": [""agora"", ""winery""]}, {""archive_path"": ""prod-svoe-vino-strapi/prod-svoe-vino/strapi/uploads/agora_winery_cuvee_pino_gridzhio_shardone_bryut_beloe_igristoe_bryut_beloe_125_16b20c89df.webp"", ""basename"": ""agora_winery_cuvee_pino_gridzhio_shardone_bryut_beloe_igristoe_bryut_beloe_125_16b20c89df.webp"", ""score"": 8, ""matched_tokens"": [""agora"", ""winery""]}, {""archive_path"": ""prod-svoe-vino-strapi/prod-svoe-vino/strapi/uploads/agora_winery_cuvee_pino_nuar_shardone_bryut_rozovoe_igristoe_bryut_rozovoe_125_c2b30c8f55.webp"", ""basename"": ""agora_winery_cuvee_pino_nuar_shardone_bryut_rozovoe_igristoe_bryut_rozovoe_125_c2b30c8f55.webp"", ""score"": 8, ""matched_tokens"": [""agora"", ""winery""]}, {""archive_path"": ""prod-svoe-vino-strapi/prod-svoe-vino/strapi/uploads/9_03_yura_agora_vajneri_72222974a5.webp"", ""basename"": ""9_03_yura_agora_vajneri_72222974a5.webp"", ""score"": 6, ""matched_tokens"": [""agora""]}, {""archive_path"": ""prod-svoe-vino-strapi/prod-svoe-vino/strapi/uploads/Agora_Bastardo_59a04897ff.webp"", ""basename"": ""Agora_Bastardo_59a04897ff.webp"", ""score"": 6, ""matched_tokens"": [""agora""]}]",[]
agora-rosa-viva-rozovoe-polusladkoe,Agora Rosa Viva Розовое Полусладкое,Розовое,AGORA WINERY,obmsa6YZNZPDCKY_1775200312.webp,unmatched,no_deterministic_media_candidate,unmatched,opaque/random + timestamp-like name,168,8,"[{""archive_path"": ""prod-svoe-vino-strapi/prod-svoe-vino/strapi/uploads/Elena_Eremina_generalnyj_direktor_AGORA_WINERY_1_08a0b4f993.webp"", ""basename"": ""Elena_Eremina_generalnyj_direktor_AGORA_WINERY_1_08a0b4f993.webp"", ""score"": 8, ""matched_tokens"": [""agora"", ""winery""]}, {""archive_path"": ""prod-svoe-vino-strapi/prod-svoe-vino/strapi/uploads/agora_winery_cuvee_pino_gridzhio_shardone_bryut_beloe_igristoe_bryut_beloe_125_16b20c89df.webp"", ""basename"": ""agora_winery_cuvee_pino_gridzhio_shardone_bryut_beloe_igristoe_bryut_beloe_125_16b20c89df.webp"", ""score"": 8, ""matched_tokens"": [""agora"", ""winery""]}, {""archive_path"": ""prod-svoe-vino-strapi/prod-svoe-vino/strapi/uploads/agora_winery_cuvee_pino_nuar_shardone_bryut_rozovoe_igristoe_bryut_rozovoe_125_c2b30c8f55.webp"", ""basename"": ""agora_winery_cuvee_pino_nuar_shardone_bryut_rozovoe_igristoe_bryut_rozovoe_125_c2b30c8f55.webp"", ""score"": 8, ""matched_tokens"": [""agora"", ""winery""]}, {""archive_path"": ""prod-svoe-vino-strapi/prod-svoe-vino/strapi/uploads/9_03_yura_agora_vajneri_72222974a5.webp"", ""basename"": ""9_03_yura_agora_vajneri_72222974a5.webp"", ""score"": 6, ""matched_tokens"": [""agora""]}, {""archive_path"": ""prod-svoe-vino-strapi/prod-svoe-vino/strapi/uploads/Agora_Bastardo_59a04897ff.webp"", ""basename"": ""Agora_Bastardo_59a04897ff.webp"", ""score"": 6, ""matched_tokens"": [""agora""]}]",[]
aya-khrustaleva-76-merlot-organik,Aya Khrustaleva 76 merlot Органик,Розовое,AYA Organic Wine & Vineyards,PUSjv7dnMNilH25TO9BcbBjoR8uZySbkV5WTEJjg3CKy_5U-vUeQvP6o-lXGG5qNEDMtdZtuUjEtjwaQrtTXAg==.webp,unmatched,no_deterministic_media_candidate,unmatched,ASCII name without deterministic candidate,38,14,"[{""archive_path"": ""prod-svoe-vino-strapi/prod-svoe-vino/strapi/uploads/aya_organic_wine_vineyards_purity_in_merlot_merlo_rozovoe_suhoe_134_9e5858ac67.webp"", ""basename"": ""aya_organic_wine_vineyards_purity_in_merlot_merlo_rozovoe_suhoe_134_9e5858ac67.webp"", ""score"": 14, ""matched_tokens"": [""aya"", ""merlot"", ""organic"", ""vineyards""]}, {""archive_path"": ""prod-svoe-vino-strapi/prod-svoe-vino/strapi/uploads/aya_organic_wine_vineyards_blush_1_sira_petnat_ekstra_bryut_rozovyy_135_33ab300ffe.webp"", ""basename"": ""aya_organic_wine_vineyards_blush_1_sira_petnat_ekstra_bryut_rozovyy_135_33ab300ffe.webp"", ""score"": 10, ""matched_tokens"": [""aya"", ""organic"", ""vineyards""]}, {""archive_path"": ""prod-svoe-vino-strapi/prod-svoe-vino/strapi/uploads/aya_organic_wine_vineyards_blush_2_merlo_petnat_ekstra_bryut_rozovyy_135_ed87f553c8.webp"", ""basename"": ""aya_organic_wine_vineyards_blush_2_merlo_petnat_ekstra_bryut_rozovyy_135_ed87f553c8.webp"", ""score"": 10, ""matched_tokens"": [""aya"", ""organic"", ""vineyards""]}, {""archive_path"": ""prod-svoe-vino-strapi/prod-svoe-vino/strapi/uploads/aya_organic_wine_vineyards_blush_3_kaberne_fran_petnat_ekstra_bryut_rozovyy_132_a094099a22.webp"", ""basename"": ""aya_organic_wine_vineyards_blush_3_kaberne_fran_petnat_ekstra_bryut_rozovyy_132_a094099a22.webp"", ""score"": 10, ""matched_tokens"": [""aya"", ""organic"", ""vineyards""]}, {""archive_path"": ""prod-svoe-vino-strapi/prod-svoe-vino/strapi/uploads/aya_organic_wine_vineyards_blush_4_pino_nuar_petnat_ekstra_bryut_krasnyy_129_26041a124c.webp"", ""basename"": ""aya_organic_wine_vineyards_blush_4_pino_nuar_petnat_ekstra_bryut_krasnyy_129_26041a124c.webp"", ""score"": 10, ""matched_tokens"": [""aya"", ""organic"", ""vineyards""]}]",[]
blush-mirage-risling,BLUSH MIRAGE Рислинг,Белое,AGORA WINERY,XywLwM9gAjIZTWr_1775202863.webp,unmatched,no_deterministic_media_candidate,unmatched,opaque/random + timestamp-like name,309,6,"[{""archive_path"": ""prod-svoe-vino-strapi/prod-svoe-vino/strapi/uploads/Agora_Risling_1b886b07f8.webp"", ""basename"": ""Agora_Risling_1b886b07f8.webp"", ""score"": 6, ""matched_tokens"": [""agora"", ""risling""]}, {""archive_path"": ""prod-svoe-vino-strapi/prod-svoe-vino/strapi/uploads/belmas_winery_riesling_belmas_risling_beloe_suhoe_135_f64f3944b9.webp"", ""basename"": ""belmas_winery_riesling_belmas_risling_beloe_suhoe_135_f64f3944b9.webp"", ""score"": 6, ""matched_tokens"": [""risling"", ""winery""]}, {""archive_path"": ""prod-svoe-vino-strapi/prod-svoe-vino/strapi/uploads/belmas_winery_riesling_katya_belmas_risling_beloe_suhoe_125_43237968a1.webp"", ""basename"": ""belmas_winery_riesling_katya_belmas_risling_beloe_suhoe_125_43237968a1.webp"", ""score"": 6, ""matched_tokens"": [""risling"", ""winery""]}, {""archive_path"": ""prod-svoe-vino-strapi/prod-svoe-vino/strapi/uploads/belmas_winery_riesling_katya_risling_beloe_suhoe_12_f09b143381.webp"", ""basename"": ""belmas_winery_riesling_katya_risling_beloe_suhoe_12_f09b143381.webp"", ""score"": 6, ""matched_tokens"": [""risling"", ""winery""]}, {""archive_path"": ""prod-svoe-vino-strapi/prod-svoe-vino/strapi/uploads/belmas_winery_risling_beloe_suhoe_135_50cbb379a8.webp"", ""basename"": ""belmas_winery_risling_beloe_suhoe_135_50cbb379a8.webp"", ""score"": 6, ""matched_tokens"": [""risling"", ""winery""]}]",[]
blush-mirage-rkacziteli-shiraz,"BLUSH MIRAGE Ркацители, Шираз",Розовое,AGORA WINERY,d4r5DOdPTc8okf5_1775202663.webp,unmatched,no_deterministic_media_candidate,unmatched,opaque/random + timestamp-like name,194,6,"[{""archive_path"": ""prod-svoe-vino-strapi/prod-svoe-vino/strapi/uploads/Agora_Rezerv_Yahting_Shiraz_efe299c1a7.webp"", ""basename"": ""Agora_Rezerv_Yahting_Shiraz_efe299c1a7.webp"", ""score"": 6, ""matched_tokens"": [""agora"", ""shiraz""]}, {""archive_path"": ""prod-svoe-vino-strapi/prod-svoe-vino/strapi/uploads/ferrum_winery_sovinon_blan_blush_beloe_suhoe_104_f62ecc27db.webp"", ""basename"": ""ferrum_winery_sovinon_blan_blush_beloe_suhoe_104_f62ecc27db.webp"", ""score"": 6, ""matched_tokens"": [""blush"", ""winery""]}, {""archive_path"": ""prod-svoe-vino-strapi/prod-svoe-vino/strapi/uploads/Elena_Eremina_generalnyj_direktor_AGORA_WINERY_1_08a0b4f993.webp"", ""basename"": ""Elena_Eremina_generalnyj_direktor_AGORA_WINERY_1_08a0b4f993.webp"", ""score"": 4, ""matched_tokens"": [""agora"", ""winery""]}, {""archive_path"": ""prod-svoe-vino-strapi/prod-svoe-vino/strapi/uploads/agora_winery_cuvee_pino_gridzhio_shardone_bryut_beloe_igristoe_bryut_beloe_125_16b20c89df.webp"", ""basename"": ""agora_winery_cuvee_pino_gridzhio_shardone_bryut_beloe_igristoe_bryut_beloe_125_16b20c89df.webp"", ""score"": 4, ""matched_tokens"": [""agora"", ""winery""]}, {""archive_path"": ""prod-svoe-vino-strapi/prod-svoe-vino/strapi/uploads/agora_winery_cuvee_pino_nuar_shardone_bryut_rozovoe_igristoe_bryut_rozovoe_125_c2b30c8f55.webp"", ""basename"": ""agora_winery_cuvee_pino_nuar_shardone_bryut_rozovoe_igristoe_bryut_rozovoe_125_c2b30c8f55.webp"", ""score"": 4, ""matched_tokens"": [""agora"", ""winery""]}]",[]
blush-mirage-sovinon-zelyonyj,BLUSH MIRAGE Совиньон Зелёный,Белое,AGORA WINERY,gx4WjjjicwzUUN2_1775202973.webp,unmatched,no_deterministic_media_candidate,unmatched,opaque/random + timestamp-like name,473,10,"[{""archive_path"": ""prod-svoe-vino-strapi/prod-svoe-vino/strapi/uploads/ferrum_winery_sovinon_blan_blush_beloe_suhoe_104_f62ecc27db.webp"", ""basename"": ""ferrum_winery_sovinon_blan_blush_beloe_suhoe_104_f62ecc27db.webp"", ""score"": 10, ""matched_tokens"": [""blush"", ""sovinon"", ""winery""]}, {""archive_path"": ""prod-svoe-vino-strapi/prod-svoe-vino/strapi/uploads/Agora_Kaberne_Sovinon_cf765cd22e.webp"", ""basename"": ""Agora_Kaberne_Sovinon_cf765cd22e.webp"", ""score"": 6, ""matched_tokens"": [""agora"", ""sovinon""]}, {""archive_path"": ""prod-svoe-vino-strapi/prod-svoe-vino/strapi/uploads/Agora_Rezerv_Yahting_Sovinon_kopiya_066436e3ad.webp"", ""basename"": ""Agora_Rezerv_Yahting_Sovinon_kopiya_066436e3ad.webp"", ""score"": 6, ""matched_tokens"": [""agora"", ""sovinon""]}, {""archive_path"": ""prod-svoe-vino-strapi/prod-svoe-vino/strapi/uploads/Agora_Rezerv_Yahting_Sovinon_kopiya_25525931ef.webp"", ""basename"": ""Agora_Rezerv_Yahting_Sovinon_kopiya_25525931ef.webp"", ""score"": 6, ""matched_tokens"": [""agora"", ""sovinon""]}, {""archive_path"": ""prod-svoe-vino-strapi/prod-svoe-vino/strapi/uploads/Agora_Sovinon_6b035f6913.webp"", ""basename"": ""Agora_Sovinon_6b035f6913.webp"", ""score"": 6, ""matched_tokens"": [""agora"", ""sovinon""]}]",[]
cru-lermont-risling,Cru Lermont Рислинг,Белое,Фанагория,PUSjv7dnMNilH25TO9BcbEn9PKFsvhomYYP8Jj3i0iWVqQI0-rkNdcYuXgscT6RdVKBQsWgR2u7Opn2Pybli1A==.webp,unmatched,no_deterministic_media_candidate,unmatched,ASCII name without deterministic candidate,252,10,"[{""archive_path"": ""prod-svoe-vino-strapi/prod-svoe-vino/strapi/uploads/fanagoriya_cru_lermont_cabernet_franc_kaberne_fran_krasnoe_suhoe_13_ef61ceeb84.webp"", ""basename"": ""fanagoriya_cru_lermont_cabernet_franc_kaberne_fran_krasnoe_suhoe_13_ef61ceeb84.webp"", ""score"": 10, ""matched_tokens"": [""cru"", ""fanagoriya"", ""lermont""]}, {""archive_path"": ""prod-svoe-vino-strapi/prod-svoe-vino/strapi/uploads/fanagoriya_cru_lermont_cabernet_sauvignon_kaberne_sovinon_krasnoe_suhoe_13_a5a169ea47.webp"", ""basename"": ""fanagoriya_cru_lermont_cabernet_sauvignon_kaberne_sovinon_krasnoe_suhoe_13_a5a169ea47.webp"", ""score"": 10, ""matched_tokens"": [""cru"", ""fanagoriya"", ""lermont""]}, {""archive_path"": ""prod-svoe-vino-strapi/prod-svoe-vino/strapi/uploads/fanagoriya_cru_lermont_chardonnay_shardone_beloe_suhoe_14_435c653682.webp"", ""basename"": ""fanagoriya_cru_lermont_chardonnay_shardone_beloe_suhoe_14_435c653682.webp"", ""score"": 10, ""matched_tokens"": [""cru"", ""fanagoriya"", ""lermont""]}, {""archive_path"": ""prod-svoe-vino-strapi/prod-svoe-vino/strapi/uploads/fanagoriya_cru_lermont_merlo_merlo_krasnoe_suhoe_14_15ccd6560f.webp"", ""basename"": ""fanagoriya_cru_lermont_merlo_merlo_krasnoe_suhoe_14_15ccd6560f.webp"", ""score"": 10, ""matched_tokens"": [""cru"", ""fanagoriya"", ""lermont""]}, {""archive_path"": ""prod-svoe-vino-strapi/prod-svoe-vino/strapi/uploads/fanagoriya_cru_lermont_petit_verdot_pti_verdo_krasnoe_suhoe_13_83618460e6.webp"", ""basename"": ""fanagoriya_cru_lermont_petit_verdot_pti_verdo_krasnoe_suhoe_13_83618460e6.webp"", ""score"": 10, ""matched_tokens"": [""cru"", ""fanagoriya"", ""lermont""]}]",[]
caperavi-avtorskoe-vino,Cаперави. Авторское вино,Красное,Массандра,2917_IsMEBEw.webp,unmatched,no_deterministic_media_candidate,unmatched,ASCII name without deterministic candidate,43,3,"[{""archive_path"": ""prod-svoe-vino-strapi/prod-svoe-vino/strapi/uploads/massandra_avtorskoe_murvedr_krasnoe_suhoe_14_9f3b7f61d6.webp"", ""basename"": ""massandra_avtorskoe_murvedr_krasnoe_suhoe_14_9f3b7f61d6.webp"", ""score"": 3, ""matched_tokens"": [""avtorskoe"", ""massandra""]}, {""archive_path"": ""prod-svoe-vino-strapi/prod-svoe-vino/strapi/uploads/massandra_vino_avtorskoe_pino_gri_beloe_suhoe_12_bf2039c511.webp"", ""basename"": ""massandra_vino_avtorskoe_pino_gri_beloe_suhoe_12_bf2039c511.webp"", ""score"": 3, ""matched_tokens"": [""avtorskoe"", ""massandra""]}, {""archive_path"": ""prod-svoe-vino-strapi/prod-svoe-vino/strapi/uploads/Kagor_partenit_Massandra_no_bg_preview_b4bd008072.webp"", ""basename"": ""Kagor_partenit_Massandra_no_bg_preview_b4bd008072.webp"", ""score"": 2, ""matched_tokens"": [""massandra""]}, {""archive_path"": ""prod-svoe-vino-strapi/prod-svoe-vino/strapi/uploads/Massandra_Heres_f281a9d608.webp"", ""basename"": ""Massandra_Heres_f281a9d608.webp"", ""score"": 2, ""matched_tokens"": [""massandra""]}, {""archive_path"": ""prod-svoe-vino-strapi/prod-svoe-vino/strapi/uploads/Massandra_Kokur_1fa858a17c.webp"", ""basename"": ""Massandra_Kokur_1fa858a17c.webp"", ""score"": 2, ""matched_tokens"": [""massandra""]}]",[]
cary-pandas-avtorskoe-vino,Cары Пандас. Авторское вино,Белое,Массандра,2920_tIFZZgl.webp,unmatched,no_deterministic_media_candidate,unmatched,ASCII name without deterministic candidate,50,4,"[{""archive_path"": ""prod-svoe-vino-strapi/prod-svoe-vino/strapi/uploads/Sary_Pandas_Polina_Kapelyush_4f3523d322.webp"", ""basename"": ""Sary_Pandas_Polina_Kapelyush_4f3523d322.webp"", ""score"": 4, ""matched_tokens"": [""pandas""]}, {""archive_path"": ""prod-svoe-vino-strapi/prod-svoe-vino/strapi/uploads/Solnechnaya_Dolina_Sary_Pandas_vyderzhannoe_c056d7120c.webp"", ""basename"": ""Solnechnaya_Dolina_Sary_Pandas_vyderzhannoe_c056d7120c.webp"", ""score"": 4, ""matched_tokens"": [""pandas""]}, {""archive_path"": ""prod-svoe-vino-strapi/prod-svoe-vino/strapi/uploads/valeriy_zaharin_albedo_reserve_sary_pandas_beloe_suhoe_115_b108af9fde.webp"", ""basename"": ""valeriy_zaharin_albedo_reserve_sary_pandas_beloe_suhoe_115_b108af9fde.webp"", ""score"": 4, ""matched_tokens"": [""pandas""]}, {""archive_path"": ""prod-svoe-vino-strapi/prod-svoe-vino/strapi/uploads/valeriy_zaharin_avtohtonnoe_vino_kryma_ot_valeriya_zaharina_kokur_sary_pandas_kokur_belyy_beloe_suhoe_115_c97a8b21ba.webp"", ""basename"": ""valeriy_zaharin_avtohtonnoe_vino_kryma_ot_valeriya_zaharina_kokur_sary_pandas_kokur_belyy_beloe_suhoe_115_c97a8b21ba.webp"", ""score"": 4, ""matched_tokens"": [""pandas""]}, {""archive_path"": ""prod-svoe-vino-strapi/prod-svoe-vino/strapi/uploads/valeriy_zaharin_avtohtonnoe_vino_kryma_sary_pandas_rezerv_beloe_suhoe_115_10be7b7189.webp"", ""basename"": ""valeriy_zaharin_avtohtonnoe_vino_kryma_sary_pandas_rezerv_beloe_suhoe_115_10be7b7189.webp"", ""score"": 4, ""matched_tokens"": [""pandas""]}]",[]
cira-avtorskoe-vino,Cира. Авторское вино,Красное,Массандра,2919_KtpYckH.webp,unmatched,no_deterministic_media_candidate,unmatched,ASCII name without deterministic candidate,43,3,"[{""archive_path"": ""prod-svoe-vino-strapi/prod-svoe-vino/strapi/uploads/massandra_avtorskoe_murvedr_krasnoe_suhoe_14_9f3b7f61d6.webp"", ""basename"": ""massandra_avtorskoe_murvedr_krasnoe_suhoe_14_9f3b7f61d6.webp"", ""score"": 3, ""matched_tokens"": [""avtorskoe"", ""massandra""]}, {""archive_path"": ""prod-svoe-vino-strapi/prod-svoe-vino/strapi/uploads/massandra_vino_avtorskoe_pino_gri_beloe_suhoe_12_bf2039c511.webp"", ""basename"": ""massandra_vino_avtorskoe_pino_gri_beloe_suhoe_12_bf2039c511.webp"", ""score"": 3, ""matched_tokens"": [""avtorskoe"", ""massandra""]}, {""archive_path"": ""prod-svoe-vino-strapi/prod-svoe-vino/strapi/uploads/Kagor_partenit_Massandra_no_bg_preview_b4bd008072.webp"", ""basename"": ""Kagor_partenit_Massandra_no_bg_preview_b4bd008072.webp"", ""score"": 2, ""matched_tokens"": [""massandra""]}, {""archive_path"": ""prod-svoe-vino-strapi/prod-svoe-vino/strapi/uploads/Massandra_Heres_f281a9d608.webp"", ""basename"": ""Massandra_Heres_f281a9d608.webp"", ""score"": 2, ""matched_tokens"": [""massandra""]}, {""archive_path"": ""prod-svoe-vino-strapi/prod-svoe-vino/strapi/uploads/Massandra_Kokur_1fa858a17c.webp"", ""basename"": ""Massandra_Kokur_1fa858a17c.webp"", ""score"": 2, ""matched_tokens"": [""massandra""]}]",[]
di-caspico-rozovoe-bryut,Di Caspico розовое брют,Розовое,Дербент Вино,PUSjv7dnMNilH25TO9BcbPvEK1FhdY8NChl65-03iIRbe662PItcwolEa035C3gQVzMsL6QaPtittNIjGPfqOw==.webp,unmatched,no_deterministic_media_candidate,unmatched,ASCII name without deterministic candidate,66,4,"[{""archive_path"": ""prod-svoe-vino-strapi/prod-svoe-vino/strapi/uploads/DI_CASPICO_Bd_B_51a07c38ef.webp"", ""basename"": ""DI_CASPICO_Bd_B_51a07c38ef.webp"", ""score"": 4, ""matched_tokens"": [""caspico""]}, {""archive_path"": ""prod-svoe-vino-strapi/prod-svoe-vino/strapi/uploads/DI_CASPICO_Bd_B_b6d5b9772a.webp"", ""basename"": ""DI_CASPICO_Bd_B_b6d5b9772a.webp"", ""score"": 4, ""matched_tokens"": [""caspico""]}, {""archive_path"": ""prod-svoe-vino-strapi/prod-svoe-vino/strapi/uploads/DI_CASPICO_Bd_N_468dd912ff.webp"", ""basename"": ""DI_CASPICO_Bd_N_468dd912ff.webp"", ""score"": 4, ""matched_tokens"": [""caspico""]}, {""archive_path"": ""prod-svoe-vino-strapi/prod-svoe-vino/strapi/uploads/DI_CASPICO_Bd_N_b64caa3e83.webp"", ""basename"": ""DI_CASPICO_Bd_N_b64caa3e83.webp"", ""score"": 4, ""matched_tokens"": [""caspico""]}, {""archive_path"": ""prod-svoe-vino-strapi/prod-svoe-vino/strapi/uploads/Derbent_Vino_Fori_di_Mare_Di_Kaspiko_d67089804b.webp"", ""basename"": ""Derbent_Vino_Fori_di_Mare_Di_Kaspiko_d67089804b.webp"", ""score"": 2, ""matched_tokens"": [""derbent""]}]",[]
leto-shardone-2023-suhoe-beloe,LETO Шардоне 2023 сухое белое,Белое,LETO,Вино белое сухое ШАРДОНЕ.webp,unmatched,no_deterministic_media_candidate,unmatched,non-ASCII/Cyrillic name,218,8,"[{""archive_path"": ""prod-svoe-vino-strapi/prod-svoe-vino/strapi/uploads/2024gu_Normal_Sh_T_Shardone_suhoe_beloe_0_187_d584f67f36.webp"", ""basename"": ""2024gu_Normal_Sh_T_Shardone_suhoe_beloe_0_187_d584f67f36.webp"", ""score"": 8, ""matched_tokens"": [""shardone""]}, {""archive_path"": ""prod-svoe-vino-strapi/prod-svoe-vino/strapi/uploads/2024gu_Normal_Sh_T_Shardone_suhoe_beloe_0_75_a190db1db4.webp"", ""basename"": ""2024gu_Normal_Sh_T_Shardone_suhoe_beloe_0_75_a190db1db4.webp"", ""score"": 8, ""matched_tokens"": [""shardone""]}, {""archive_path"": ""prod-svoe-vino-strapi/prod-svoe-vino/strapi/uploads/Agora_Rezerv_Yahting_Shardone_836c91ea71.webp"", ""basename"": ""Agora_Rezerv_Yahting_Shardone_836c91ea71.webp"", ""score"": 8, ""matched_tokens"": [""shardone""]}, {""archive_path"": ""prod-svoe-vino-strapi/prod-svoe-vino/strapi/uploads/Agora_Shardone_4e9ddf9c52.webp"", ""basename"": ""Agora_Shardone_4e9ddf9c52.webp"", ""score"": 8, ""matched_tokens"": [""shardone""]}, {""archive_path"": ""prod-svoe-vino-strapi/prod-svoe-vino/strapi/uploads/Chateau_Tamagne_Eno_Traminer_i_Shardone_bbb5a80c54.webp"", ""basename"": ""Chateau_Tamagne_Eno_Traminer_i_Shardone_bbb5a80c54.webp"", ""score"": 8, ""matched_tokens"": [""shardone""]}]",[]
method-classic-kokur,Method Classic Кокур,Белое,Винодельня Братьев Мельниковых,DSC00836.webp,unmatched,no_deterministic_media_candidate,unmatched,ASCII name without deterministic candidate,30,4,"[{""archive_path"": ""prod-svoe-vino-strapi/prod-svoe-vino/strapi/uploads/vinodelnya_bratev_melnikovyh_kaberne_sovinon_kaberne_fran_dva_brata_krasnoe_suhoe_145_04c9c00425.webp"", ""basename"": ""vinodelnya_bratev_melnikovyh_kaberne_sovinon_kaberne_fran_dva_brata_krasnoe_suhoe_145_04c9c00425.webp"", ""score"": 4, ""matched_tokens"": [""bratev"", ""melnikovyh""]}, {""archive_path"": ""prod-svoe-vino-strapi/prod-svoe-vino/strapi/uploads/vinodelnya_bratev_melnikovyh_pino_dva_brata_pino_gri_rozovoe_suhoe_13_29922b3bc8.webp"", ""basename"": ""vinodelnya_bratev_melnikovyh_pino_dva_brata_pino_gri_rozovoe_suhoe_13_29922b3bc8.webp"", ""score"": 4, ""matched_tokens"": [""bratev"", ""melnikovyh""]}, {""archive_path"": ""prod-svoe-vino-strapi/prod-svoe-vino/strapi/uploads/Kokur_oranzh_7818d586b6.webp"", ""basename"": ""Kokur_oranzh_7818d586b6.webp"", ""score"": 4, ""matched_tokens"": [""kokur""]}, {""archive_path"": ""prod-svoe-vino-strapi/prod-svoe-vino/strapi/uploads/Massandra_Kokur_1fa858a17c.webp"", ""basename"": ""Massandra_Kokur_1fa858a17c.webp"", ""score"": 4, ""matched_tokens"": [""kokur""]}, {""archive_path"": ""prod-svoe-vino-strapi/prod-svoe-vino/strapi/uploads/Solnechnaya_Dolina_meganom_kokur_0084a50e59.webp"", ""basename"": ""Solnechnaya_Dolina_meganom_kokur_0084a50e59.webp"", ""score"": 4, ""matched_tokens"": [""kokur""]}]",[]
pinot-noir-2024-one-barrel-by-dmitry-maslov-pino-nuar-2024-uan-barrel-dmitrij-maslov,Pinot Noir 2024 One Barrel by Dmitry Maslov (Пино Нуар 2024 Уан Баррел Дмитрий Маслов),Красное,One Barrel (Уан Баррел),IMG-20250829-WA0033 (1).webp,unmatched,no_deterministic_media_candidate,unmatched,space-containing name,586,16,"[{""archive_path"": ""prod-svoe-vino-strapi/prod-svoe-vino/strapi/uploads/aya_organic_wine_vineyards_evolution_pinot_noir_pino_nuar_krasnoe_suhoe_125_b0f9aa751e.webp"", ""basename"": ""aya_organic_wine_vineyards_evolution_pinot_noir_pino_nuar_krasnoe_suhoe_125_b0f9aa751e.webp"", ""score"": 16, ""matched_tokens"": [""noir"", ""nuar"", ""pino"", ""pinot""]}, {""archive_path"": ""prod-svoe-vino-strapi/prod-svoe-vino/strapi/uploads/chteau_le_grand_vostock_pinot_noir_reserve_pino_nuar_krasnoe_suhoe_135_06d37ba366.webp"", ""basename"": ""chteau_le_grand_vostock_pinot_noir_reserve_pino_nuar_krasnoe_suhoe_135_06d37ba366.webp"", ""score"": 16, ""matched_tokens"": [""noir"", ""nuar"", ""pino"", ""pinot""]}, {""archive_path"": ""prod-svoe-vino-strapi/prod-svoe-vino/strapi/uploads/domaine_lipko_pinot_noir_domaine_lipko_pino_nuar_krasnoe_suhoe_133_a7c8791c9f.webp"", ""basename"": ""domaine_lipko_pinot_noir_domaine_lipko_pino_nuar_krasnoe_suhoe_133_a7c8791c9f.webp"", ""score"": 16, ""matched_tokens"": [""noir"", ""nuar"", ""pino"", ""pinot""]}, {""archive_path"": ""prod-svoe-vino-strapi/prod-svoe-vino/strapi/uploads/fanagoriya_cru_lermont_pinot_noir_pino_nuar_krasnoe_suhoe_13_b8a0b0efab.webp"", ""basename"": ""fanagoriya_cru_lermont_pinot_noir_pino_nuar_krasnoe_suhoe_13_b8a0b0efab.webp"", ""score"": 16, ""matched_tokens"": [""noir"", ""nuar"", ""pino"", ""pinot""]}, {""archive_path"": ""prod-svoe-vino-strapi/prod-svoe-vino/strapi/uploads/ferrum_winery_pinot_noir_pino_nuar_rozovoe_suhoe_13_a5380de052.webp"", ""basename"": ""ferrum_winery_pinot_noir_pino_nuar_rozovoe_suhoe_13_a5380de052.webp"", ""score"": 16, ""matched_tokens"": [""noir"", ""nuar"", ""pino"", ""pinot""]}]",[]
uva-vallis-shardone,Uva Vallis Шардоне,Белое,Uva Vallis,0m372xxddqgnu999oy471n1ac1cznhfs.png,unmatched,no_deterministic_media_candidate,unmatched,ASCII name without deterministic candidate,218,4,"[{""archive_path"": ""prod-svoe-vino-strapi/prod-svoe-vino/strapi/uploads/0m372xxddqgnu999oy471n1ac1cznhfs_png_356ba741db.webp"", ""basename"": ""0m372xxddqgnu999oy471n1ac1cznhfs_png_356ba741db.webp"", ""score"": 4, ""matched_tokens"": [""0m372xxddqgnu999oy471n1ac1cznhfs""]}, {""archive_path"": ""prod-svoe-vino-strapi/prod-svoe-vino/strapi/uploads/2024gu_Normal_Sh_T_Shardone_suhoe_beloe_0_187_d584f67f36.webp"", ""basename"": ""2024gu_Normal_Sh_T_Shardone_suhoe_beloe_0_187_d584f67f36.webp"", ""score"": 4, ""matched_tokens"": [""shardone""]}, {""archive_path"": ""prod-svoe-vino-strapi/prod-svoe-vino/strapi/uploads/2024gu_Normal_Sh_T_Shardone_suhoe_beloe_0_75_a190db1db4.webp"", ""basename"": ""2024gu_Normal_Sh_T_Shardone_suhoe_beloe_0_75_a190db1db4.webp"", ""score"": 4, ""matched_tokens"": [""shardone""]}, {""archive_path"": ""prod-svoe-vino-strapi/prod-svoe-vino/strapi/uploads/Agora_Rezerv_Yahting_Shardone_836c91ea71.webp"", ""basename"": ""Agora_Rezerv_Yahting_Shardone_836c91ea71.webp"", ""score"": 4, ""matched_tokens"": [""shardone""]}, {""archive_path"": ""prod-svoe-vino-strapi/prod-svoe-vino/strapi/uploads/Agora_Shardone_4e9ddf9c52.webp"", ""basename"": ""Agora_Shardone_4e9ddf9c52.webp"", ""score"": 4, ""matched_tokens"": [""shardone""]}]",[]
winemaker-selection,Winemaker selection,Белое,Инкерманский ЗМВ,PUSjv7dnMNilH25TO9BcbM8AKD4B2Y2ZSiq4lp0vlNDQ1ImKjluVncWpupc0tiiAiC0SJlrfF34ylQFVb-WxBQ==.webp,unmatched,no_deterministic_media_candidate,unmatched,ASCII name without deterministic candidate,43,6,"[{""archive_path"": ""prod-svoe-vino-strapi/prod-svoe-vino/strapi/uploads/inkermanskiy_zmv_winemakers_selection_saperavi_igristoe_polusladkoe_krasnoe_12_b8254979b2.webp"", ""basename"": ""inkermanskiy_zmv_winemakers_selection_saperavi_igristoe_polusladkoe_krasnoe_12_b8254979b2.webp"", ""score"": 6, ""matched_tokens"": [""selection"", ""zmv""]}, {""archive_path"": ""prod-svoe-vino-strapi/prod-svoe-vino/strapi/uploads/Makitra_Selection_Shardone_7f42730601.webp"", ""basename"": ""Makitra_Selection_Shardone_7f42730601.webp"", ""score"": 4, ""matched_tokens"": [""selection""]}, {""archive_path"": ""prod-svoe-vino-strapi/prod-svoe-vino/strapi/uploads/golubitskoe_estate_kaberne_sovinon_noble_selection_krasnoe_suhoe_133_f0984d4c21.webp"", ""basename"": ""golubitskoe_estate_kaberne_sovinon_noble_selection_krasnoe_suhoe_133_f0984d4c21.webp"", ""score"": 4, ""matched_tokens"": [""selection""]}, {""archive_path"": ""prod-svoe-vino-strapi/prod-svoe-vino/strapi/uploads/golubitskoe_estate_noble_selection_red_blend_kaberne_sovinon_krasnoe_suhoe_136_37a3acdce0.webp"", ""basename"": ""golubitskoe_estate_noble_selection_red_blend_kaberne_sovinon_krasnoe_suhoe_136_37a3acdce0.webp"", ""score"": 4, ""matched_tokens"": [""selection""]}, {""archive_path"": ""prod-svoe-vino-strapi/prod-svoe-vino/strapi/uploads/golubitskoe_estate_noble_selection_white_blend_shardone_beloe_suhoe_135_3e16d234be.webp"", ""basename"": ""golubitskoe_estate_noble_selection_white_blend_shardone_beloe_suhoe_135_3e16d234be.webp"", ""score"": 4, ""matched_tokens"": [""selection""]}]",[]
aligote-avtorskoe,Алиготе Авторское,Белое,Массандра,4285_eqF1Fau-no-bg-preview (carve.photos).webp,unmatched,no_deterministic_media_candidate,unmatched,space-containing name,86,8,"[{""archive_path"": ""prod-svoe-vino-strapi/prod-svoe-vino/strapi/uploads/valeriy_zaharin_aligote_avtorskoe_valeriy_zaharin_igristoe_bryut_beloe_115_3b74fa58cc.webp"", ""basename"": ""valeriy_zaharin_aligote_avtorskoe_valeriy_zaharin_igristoe_bryut_beloe_115_3b74fa58cc.webp"", ""score"": 8, ""matched_tokens"": [""aligote"", ""avtorskoe""]}, {""archive_path"": ""prod-svoe-vino-strapi/prod-svoe-vino/strapi/uploads/massandra_avtorskoe_murvedr_krasnoe_suhoe_14_9f3b7f61d6.webp"", ""basename"": ""massandra_avtorskoe_murvedr_krasnoe_suhoe_14_9f3b7f61d6.webp"", ""score"": 6, ""matched_tokens"": [""avtorskoe"", ""massandra""]}, {""archive_path"": ""prod-svoe-vino-strapi/prod-svoe-vino/strapi/uploads/massandra_massandra_heres_oreadna_aligote_beloe_suhoe_16_efa1aed005.webp"", ""basename"": ""massandra_massandra_heres_oreadna_aligote_beloe_suhoe_16_efa1aed005.webp"", ""score"": 6, ""matched_tokens"": [""aligote"", ""massandra""]}, {""archive_path"": ""prod-svoe-vino-strapi/prod-svoe-vino/strapi/uploads/massandra_vino_avtorskoe_pino_gri_beloe_suhoe_12_bf2039c511.webp"", ""basename"": ""massandra_vino_avtorskoe_pino_gri_beloe_suhoe_12_bf2039c511.webp"", ""score"": 6, ""matched_tokens"": [""avtorskoe"", ""massandra""]}, {""archive_path"": ""prod-svoe-vino-strapi/prod-svoe-vino/strapi/uploads/Aligote_Czitron_bel_suh_1cc2763d35.webp"", ""basename"": ""Aligote_Czitron_bel_suh_1cc2763d35.webp"", ""score"": 4, ""matched_tokens"": [""aligote""]}]",[]
aligote-barrel-2025,"Алиготе Баррель, 2025",Белое,Коммуналка,DSC09173.webp,unmatched,no_deterministic_media_candidate,unmatched,ASCII name without deterministic candidate,57,4,"[{""archive_path"": ""prod-svoe-vino-strapi/prod-svoe-vino/strapi/uploads/03_Silvaner_2022_Barrel_Fermented_01addc1e7f.webp"", ""basename"": ""03_Silvaner_2022_Barrel_Fermented_01addc1e7f.webp"", ""score"": 4, ""matched_tokens"": [""barrel""]}, {""archive_path"": ""prod-svoe-vino-strapi/prod-svoe-vino/strapi/uploads/03_Silvaner_2022_Barrel_Fermented_505ca7243c.webp"", ""basename"": ""03_Silvaner_2022_Barrel_Fermented_505ca7243c.webp"", ""score"": 4, ""matched_tokens"": [""barrel""]}, {""archive_path"": ""prod-svoe-vino-strapi/prod-svoe-vino/strapi/uploads/03_Silvaner_2022_Barrel_Fermented_a5aaf46b23.webp"", ""basename"": ""03_Silvaner_2022_Barrel_Fermented_a5aaf46b23.webp"", ""score"": 4, ""matched_tokens"": [""barrel""]}, {""archive_path"": ""prod-svoe-vino-strapi/prod-svoe-vino/strapi/uploads/Aligote_Czitron_bel_suh_1cc2763d35.webp"", ""basename"": ""Aligote_Czitron_bel_suh_1cc2763d35.webp"", ""score"": 4, ""matched_tokens"": [""aligote""]}, {""archive_path"": ""prod-svoe-vino-strapi/prod-svoe-vino/strapi/uploads/Aligote_Czitron_bel_suh_8bc8ca2832.webp"", ""basename"": ""Aligote_Czitron_bel_suh_8bc8ca2832.webp"", ""score"": 4, ""matched_tokens"": [""aligote""]}]",[]
aligote-avtorskoe-vino,Алиготе. Авторское вино,Белое,Массандра,4285_eqF1Fau-no-bg-preview (carve.photos).webp,unmatched,no_deterministic_media_candidate,unmatched,space-containing name,86,6,"[{""archive_path"": ""prod-svoe-vino-strapi/prod-svoe-vino/strapi/uploads/massandra_massandra_heres_oreadna_aligote_beloe_suhoe_16_efa1aed005.webp"", ""basename"": ""massandra_massandra_heres_oreadna_aligote_beloe_suhoe_16_efa1aed005.webp"", ""score"": 6, ""matched_tokens"": [""aligote"", ""massandra""]}, {""archive_path"": ""prod-svoe-vino-strapi/prod-svoe-vino/strapi/uploads/valeriy_zaharin_aligote_avtorskoe_valeriy_zaharin_igristoe_bryut_beloe_115_3b74fa58cc.webp"", ""basename"": ""valeriy_zaharin_aligote_avtorskoe_valeriy_zaharin_igristoe_bryut_beloe_115_3b74fa58cc.webp"", ""score"": 5, ""matched_tokens"": [""aligote"", ""avtorskoe""]}, {""archive_path"": ""prod-svoe-vino-strapi/prod-svoe-vino/strapi/uploads/Aligote_Czitron_bel_suh_1cc2763d35.webp"", ""basename"": ""Aligote_Czitron_bel_suh_1cc2763d35.webp"", ""score"": 4, ""matched_tokens"": [""aligote""]}, {""archive_path"": ""prod-svoe-vino-strapi/prod-svoe-vino/strapi/uploads/Aligote_Czitron_bel_suh_8bc8ca2832.webp"", ""basename"": ""Aligote_Czitron_bel_suh_8bc8ca2832.webp"", ""score"": 4, ""matched_tokens"": [""aligote""]}, {""archive_path"": ""prod-svoe-vino-strapi/prod-svoe-vino/strapi/uploads/Aligote_limitirovannaya_60fab8c449.webp"", ""basename"": ""Aligote_limitirovannaya_60fab8c449.webp"", ""score"": 4, ""matched_tokens"": [""aligote""]}]",[]
beloe-polusladkoe,Белое полусладкое,Белое,Массандра,PUSjv7dnMNilH25TO9BcbFVF44K64e2gZNSf1DlaR91IBz4iguFSby3dv31Ew0gCzAsnNoG_SXBvl9U3tP7BDw==.webp,unmatched,no_deterministic_media_candidate,unmatched,ASCII name without deterministic candidate,37,2,"[{""archive_path"": ""prod-svoe-vino-strapi/prod-svoe-vino/strapi/uploads/Kagor_partenit_Massandra_no_bg_preview_b4bd008072.webp"", ""basename"": ""Kagor_partenit_Massandra_no_bg_preview_b4bd008072.webp"", ""score"": 2, ""matched_tokens"": [""massandra""]}, {""archive_path"": ""prod-svoe-vino-strapi/prod-svoe-vino/strapi/uploads/Massandra_Heres_f281a9d608.webp"", ""basename"": ""Massandra_Heres_f281a9d608.webp"", ""score"": 2, ""matched_tokens"": [""massandra""]}, {""archive_path"": ""prod-svoe-vino-strapi/prod-svoe-vino/strapi/uploads/Massandra_Kokur_1fa858a17c.webp"", ""basename"": ""Massandra_Kokur_1fa858a17c.webp"", ""score"": 2, ""matched_tokens"": [""massandra""]}, {""archive_path"": ""prod-svoe-vino-strapi/prod-svoe-vino/strapi/uploads/Massandra_Madera_Krymskaya_42f85c120a.webp"", ""basename"": ""Massandra_Madera_Krymskaya_42f85c120a.webp"", ""score"": 2, ""matched_tokens"": [""massandra""]}, {""archive_path"": ""prod-svoe-vino-strapi/prod-svoe-vino/strapi/uploads/Massandra_Muskat_94b702fe3b.webp"", ""basename"": ""Massandra_Muskat_94b702fe3b.webp"", ""score"": 2, ""matched_tokens"": [""massandra""]}]",[]
beloe-suhoe,Белое сухое,Белое,Солнечная долина,PUSjv7dnMNilH25TO9BcbAmGBET-cmWMaCxitV_l_mGTrRJ-KWX9ciUiEgJsHYWY2Kt2yEdEwMmXQTL4MEqK3w==.webp,unmatched,no_deterministic_media_candidate,unmatched,ASCII name without deterministic candidate,76,4,"[{""archive_path"": ""prod-svoe-vino-strapi/prod-svoe-vino/strapi/uploads/Solnechnaya_Dolina_Sary_Pandas_vyderzhannoe_c056d7120c.webp"", ""basename"": ""Solnechnaya_Dolina_Sary_Pandas_vyderzhannoe_c056d7120c.webp"", ""score"": 4, ""matched_tokens"": [""dolina"", ""solnechnaya""]}, {""archive_path"": ""prod-svoe-vino-strapi/prod-svoe-vino/strapi/uploads/Solnechnaya_Dolina_meganom_kokur_0084a50e59.webp"", ""basename"": ""Solnechnaya_Dolina_meganom_kokur_0084a50e59.webp"", ""score"": 4, ""matched_tokens"": [""dolina"", ""solnechnaya""]}, {""archive_path"": ""prod-svoe-vino-strapi/prod-svoe-vino/strapi/uploads/Solnechnaya_Dolina_soczseti2_6f566c400e.webp"", ""basename"": ""Solnechnaya_Dolina_soczseti2_6f566c400e.webp"", ""score"": 4, ""matched_tokens"": [""dolina"", ""solnechnaya""]}, {""archive_path"": ""prod-svoe-vino-strapi/prod-svoe-vino/strapi/uploads/Solnechnaya_dolina_Privat_e29e2f450a.webp"", ""basename"": ""Solnechnaya_dolina_Privat_e29e2f450a.webp"", ""score"": 4, ""matched_tokens"": [""dolina"", ""solnechnaya""]}, {""archive_path"": ""prod-svoe-vino-strapi/prod-svoe-vino/strapi/uploads/Solnechnaya_dolina_portvejn_krymskij_e3f225c04e.webp"", ""basename"": ""Solnechnaya_dolina_portvejn_krymskij_e3f225c04e.webp"", ""score"": 4, ""matched_tokens"": [""dolina"", ""solnechnaya""]}]",[]
vinodelnya-vedernikov-vedernikov-tsimlyanskiy-chyornyy-tsimlyanskiy-chernyy-krasnoe-suhoe-14,Ведерниковъ Цимлянский Чёрный,Красное,Ведерниковъ,vinodelnya-vedernikov-vedernikov-tsimlyanskiy-chyornyy-tsimlyanskiy-chernyy-krasnoe-suhoe-14.webp,unmatched,no_deterministic_media_candidate,unmatched,ASCII name without deterministic candidate,70,25,"[{""archive_path"": ""prod-svoe-vino-strapi/prod-svoe-vino/strapi/uploads/vinodelnya_vedernikov_vedernikov_tsimlyanskiy_chyornyy_bryut_roze_2_tsimlyanskiy_chernyy_rozovoe_12_f890d2ca11.webp"", ""basename"": ""vinodelnya_vedernikov_vedernikov_tsimlyanskiy_chyornyy_bryut_roze_2_tsimlyanskiy_chernyy_rozovoe_12_f890d2ca11.webp"", ""score"": 25, ""matched_tokens"": [""chernyy"", ""chyornyy"", ""tsimlyanskiy"", ""vedernikov""]}, {""archive_path"": ""prod-svoe-vino-strapi/prod-svoe-vino/strapi/uploads/vinodelnya_vedernikov_vedernikov_tsimlyanskiy_chyornyy_bryut_roze_tsimlyanskiy_chernyy_rozovoe_12_62efb1454a.webp"", ""basename"": ""vinodelnya_vedernikov_vedernikov_tsimlyanskiy_chyornyy_bryut_roze_tsimlyanskiy_chernyy_rozovoe_12_62efb1454a.webp"", ""score"": 25, ""matched_tokens"": [""chernyy"", ""chyornyy"", ""tsimlyanskiy"", ""vedernikov""]}, {""archive_path"": ""prod-svoe-vino-strapi/prod-svoe-vino/strapi/uploads/vinodelnya_vedernikov_vedernikov_tsimlyanskiy_chyornyy_bryut_tsimlyanskiy_chernyy_beloe_12_94126ea6cf.webp"", ""basename"": ""vinodelnya_vedernikov_vedernikov_tsimlyanskiy_chyornyy_bryut_tsimlyanskiy_chernyy_beloe_12_94126ea6cf.webp"", ""score"": 25, ""matched_tokens"": [""chernyy"", ""chyornyy"", ""tsimlyanskiy"", ""vedernikov""]}, {""archive_path"": ""prod-svoe-vino-strapi/prod-svoe-vino/strapi/uploads/vinodelnya_vedernikov_gubernatorskoe_rozovoe_tsimlyanskiy_chernyy_suhoe_11_46e399ed48.webp"", ""basename"": ""vinodelnya_vedernikov_gubernatorskoe_rozovoe_tsimlyanskiy_chernyy_suhoe_11_46e399ed48.webp"", ""score"": 20, ""matched_tokens"": [""chernyy"", ""tsimlyanskiy"", ""vedernikov""]}, {""archive_path"": ""prod-svoe-vino-strapi/prod-svoe-vino/strapi/uploads/vinodelnya_vedernikov_tsimlyanskiy_chernyy_blanc_de_noirs_beloe_bryut_117_eb7b9970f8.webp"", ""basename"": ""vinodelnya_vedernikov_tsimlyanskiy_chernyy_blanc_de_noirs_beloe_bryut_117_eb7b9970f8.webp"", ""score"": 20, ""matched_tokens"": [""chernyy"", ""tsimlyanskiy"", ""vedernikov""]}]",[]
dva-brata-pet-nat-kokur-2024,"Два Брата Пет Нат Кокур, 2024",Белое,Винодельня Братьев Мельниковых,DSC09166.webp,unmatched,no_deterministic_media_candidate,unmatched,ASCII name without deterministic candidate,41,12,"[{""archive_path"": ""prod-svoe-vino-strapi/prod-svoe-vino/strapi/uploads/vinodelnya_bratev_melnikovyh_kaberne_sovinon_kaberne_fran_dva_brata_krasnoe_suhoe_145_04c9c00425.webp"", ""basename"": ""vinodelnya_bratev_melnikovyh_kaberne_sovinon_kaberne_fran_dva_brata_krasnoe_suhoe_145_04c9c00425.webp"", ""score"": 12, ""matched_tokens"": [""brata"", ""bratev"", ""dva"", ""melnikovyh""]}, {""archive_path"": ""prod-svoe-vino-strapi/prod-svoe-vino/strapi/uploads/vinodelnya_bratev_melnikovyh_pino_dva_brata_pino_gri_rozovoe_suhoe_13_29922b3bc8.webp"", ""basename"": ""vinodelnya_bratev_melnikovyh_pino_dva_brata_pino_gri_rozovoe_suhoe_13_29922b3bc8.webp"", ""score"": 12, ""matched_tokens"": [""brata"", ""bratev"", ""dva"", ""melnikovyh""]}, {""archive_path"": ""prod-svoe-vino-strapi/prod-svoe-vino/strapi/uploads/dva_serdtsa_kokur_beloe_suhoe_125_2a62b6715b.webp"", ""basename"": ""dva_serdtsa_kokur_beloe_suhoe_125_2a62b6715b.webp"", ""score"": 8, ""matched_tokens"": [""dva"", ""kokur""]}, {""archive_path"": ""prod-svoe-vino-strapi/prod-svoe-vino/strapi/uploads/vinodelnya_vedernikov_vedernikov_pet_nat_golubok_krasnyy_bryut_krasnoe_suhoe_13_59ca83550f.webp"", ""basename"": ""vinodelnya_vedernikov_vedernikov_pet_nat_golubok_krasnyy_bryut_krasnoe_suhoe_13_59ca83550f.webp"", ""score"": 8, ""matched_tokens"": [""nat"", ""pet""]}, {""archive_path"": ""prod-svoe-vino-strapi/prod-svoe-vino/strapi/uploads/vinodelnya_vedernikov_vedernikov_pet_nat_platovskiy_aligote_bryut_beloe_suhoe_10_d5c01e9bdf.webp"", ""basename"": ""vinodelnya_vedernikov_vedernikov_pet_nat_platovskiy_aligote_bryut_beloe_suhoe_10_d5c01e9bdf.webp"", ""score"": 8, ""matched_tokens"": [""nat"", ""pet""]}]",[]
zhemchuzhnaya-9-czitron-shardone,"Жемчужная 9 Цитрон, Шардоне",Белое,АРАТТИ,"Алиготе, Цитрон бел.сух.webp",unmatched,no_deterministic_media_candidate,unmatched,non-ASCII/Cyrillic name,274,9,"[{""archive_path"": ""prod-svoe-vino-strapi/prod-svoe-vino/strapi/uploads/Aligote_Czitron_bel_suh_1cc2763d35.webp"", ""basename"": ""Aligote_Czitron_bel_suh_1cc2763d35.webp"", ""score"": 9, ""matched_tokens"": [""aligote"", ""bel"", ""czitron""]}, {""archive_path"": ""prod-svoe-vino-strapi/prod-svoe-vino/strapi/uploads/Aligote_Czitron_bel_suh_8bc8ca2832.webp"", ""basename"": ""Aligote_Czitron_bel_suh_8bc8ca2832.webp"", ""score"": 9, ""matched_tokens"": [""aligote"", ""bel"", ""czitron""]}, {""archive_path"": ""prod-svoe-vino-strapi/prod-svoe-vino/strapi/uploads/vinodelnya_myshako_shardone_aligote_kyuve_beloe_suhoe_125_d066e8c407.webp"", ""basename"": ""vinodelnya_myshako_shardone_aligote_kyuve_beloe_suhoe_125_d066e8c407.webp"", ""score"": 8, ""matched_tokens"": [""aligote"", ""shardone""]}, {""archive_path"": ""prod-svoe-vino-strapi/prod-svoe-vino/strapi/uploads/zmv_koktebel_atmosfera_aligote_rkatsiteli_shardone_beloe_suhoe_11_c621a4aae9.webp"", ""basename"": ""zmv_koktebel_atmosfera_aligote_rkatsiteli_shardone_beloe_suhoe_11_c621a4aae9.webp"", ""score"": 8, ""matched_tokens"": [""aligote"", ""shardone""]}, {""archive_path"": ""prod-svoe-vino-strapi/prod-svoe-vino/strapi/uploads/zmv_koktebel_atmosfera_rkatsiteli_aligote_kokur_muskat_belyy_shardone_beloe_polusladkoe_11_773cbbcc47.webp"", ""basename"": ""zmv_koktebel_atmosfera_rkatsiteli_aligote_kokur_muskat_belyy_shardone_beloe_polusladkoe_11_773cbbcc47.webp"", ""score"": 8, ""matched_tokens"": [""aligote"", ""shardone""]}]",[]
igristoe-zhemchuzhnoe-vino-polusladkoe-rozovoe-di-kaspiko-fiori-di-mare-di-caspico-fiori-di-mare,"Игристое жемчужное вино полусладкое розовое ""Ди Каспико Фиори ди Маре"" (Di Caspico Fiori di Mare)",Розовое,Дербент Вино,роз плсл_бесцв_03.02.2026.webp,unmatched,no_deterministic_media_candidate,unmatched,non-ASCII/Cyrillic name,76,14,"[{""archive_path"": ""prod-svoe-vino-strapi/prod-svoe-vino/strapi/uploads/derbent_vino_di_kaspiko_fiori_di_mare_moldova_krasnoe_polusuhoe_95_115_b596641f9f.webp"", ""basename"": ""derbent_vino_di_kaspiko_fiori_di_mare_moldova_krasnoe_polusuhoe_95_115_b596641f9f.webp"", ""score"": 14, ""matched_tokens"": [""derbent"", ""fiori"", ""kaspiko"", ""mare""]}, {""archive_path"": ""prod-svoe-vino-strapi/prod-svoe-vino/strapi/uploads/derbent_vino_di_kaspiko_fiori_di_mare_pervenets_magaracha_beloe_polusladkoe_95_115_3ab8240e42.webp"", ""basename"": ""derbent_vino_di_kaspiko_fiori_di_mare_pervenets_magaracha_beloe_polusladkoe_95_115_3ab8240e42.webp"", ""score"": 14, ""matched_tokens"": [""derbent"", ""fiori"", ""kaspiko"", ""mare""]}, {""archive_path"": ""prod-svoe-vino-strapi/prod-svoe-vino/strapi/uploads/derbent_vino_di_kaspiko_fiori_di_mare_tsitronnyy_magaracha_rozovoe_polusladkoe_95_115_3f4095690e.webp"", ""basename"": ""derbent_vino_di_kaspiko_fiori_di_mare_tsitronnyy_magaracha_rozovoe_polusladkoe_95_115_3f4095690e.webp"", ""score"": 14, ""matched_tokens"": [""derbent"", ""fiori"", ""kaspiko"", ""mare""]}, {""archive_path"": ""prod-svoe-vino-strapi/prod-svoe-vino/strapi/uploads/derbent_vino_di_kaspiko_fiori_di_mare_verde_avgustin_rozovoe_polusuhoe_10_e9fa99da2f.webp"", ""basename"": ""derbent_vino_di_kaspiko_fiori_di_mare_verde_avgustin_rozovoe_polusuhoe_10_e9fa99da2f.webp"", ""score"": 14, ""matched_tokens"": [""derbent"", ""fiori"", ""kaspiko"", ""mare""]}, {""archive_path"": ""prod-svoe-vino-strapi/prod-svoe-vino/strapi/uploads/derbent_vino_di_kaspiko_fiori_di_mare_verde_bianka_avgustin_beloe_polusuhoe_10_fc0709d15f.webp"", ""basename"": ""derbent_vino_di_kaspiko_fiori_di_mare_verde_bianka_avgustin_beloe_polusuhoe_10_fc0709d15f.webp"", ""score"": 14, ""matched_tokens"": [""derbent"", ""fiori"", ""kaspiko"", ""mare""]}]",[]
kaberne-sovinon,Каберне Совиньон,Красное,Массандра,2202_vUENI49.webp,unmatched,no_deterministic_media_candidate,unmatched,ASCII name without deterministic candidate,466,10,"[{""archive_path"": ""prod-svoe-vino-strapi/prod-svoe-vino/strapi/uploads/massandra_portveyn_krasnyy_livadiya_kaberne_sovinon_krasnoe_sladkoe_185_02e4e0776e.webp"", ""basename"": ""massandra_portveyn_krasnyy_livadiya_kaberne_sovinon_krasnoe_sladkoe_185_02e4e0776e.webp"", ""score"": 10, ""matched_tokens"": [""kaberne"", ""massandra"", ""sovinon""]}, {""archive_path"": ""prod-svoe-vino-strapi/prod-svoe-vino/strapi/uploads/Agora_Kaberne_Sovinon_cf765cd22e.webp"", ""basename"": ""Agora_Kaberne_Sovinon_cf765cd22e.webp"", ""score"": 8, ""matched_tokens"": [""kaberne"", ""sovinon""]}, {""archive_path"": ""prod-svoe-vino-strapi/prod-svoe-vino/strapi/uploads/Desono_Kaberne_Sovinon_92912df82f.webp"", ""basename"": ""Desono_Kaberne_Sovinon_92912df82f.webp"", ""score"": 8, ""matched_tokens"": [""kaberne"", ""sovinon""]}, {""archive_path"": ""prod-svoe-vino-strapi/prod-svoe-vino/strapi/uploads/Endemy_Kaberne_Sovinon_4c5c1ced59.webp"", ""basename"": ""Endemy_Kaberne_Sovinon_4c5c1ced59.webp"", ""score"": 8, ""matched_tokens"": [""kaberne"", ""sovinon""]}, {""archive_path"": ""prod-svoe-vino-strapi/prod-svoe-vino/strapi/uploads/Foto_press_sluzhba_Aristov_Kaberne_Sovinon_2e0ac9e611.webp"", ""basename"": ""Foto_press_sluzhba_Aristov_Kaberne_Sovinon_2e0ac9e611.webp"", ""score"": 8, ""matched_tokens"": [""kaberne"", ""sovinon""]}]",[]
karbon-glyu-2024,"Карбон Глю, 2024",Красное,Коммуналка,DSC09171.webp,unmatched,no_deterministic_media_candidate,unmatched,ASCII name without deterministic candidate,7,4,"[{""archive_path"": ""prod-svoe-vino-strapi/prod-svoe-vino/strapi/uploads/shato_pino_glyu_glyu_vione_krasnoe_suhoe_10_2f2adaea3e.webp"", ""basename"": ""shato_pino_glyu_glyu_vione_krasnoe_suhoe_10_2f2adaea3e.webp"", ""score"": 4, ""matched_tokens"": [""glyu""]}, {""archive_path"": ""prod-svoe-vino-strapi/prod-svoe-vino/strapi/uploads/vinodelnya_batrak_glyu_glyu_podarok_magaracha_krasnoe_suhoe_12_f97132e4a2.webp"", ""basename"": ""vinodelnya_batrak_glyu_glyu_podarok_magaracha_krasnoe_suhoe_12_f97132e4a2.webp"", ""score"": 4, ""matched_tokens"": [""glyu""]}, {""archive_path"": ""prod-svoe-vino-strapi/prod-svoe-vino/strapi/uploads/vinodelnya_zhakov_karbon_saperavi_krasnoe_suhoe_126_7c676ef0b4.webp"", ""basename"": ""vinodelnya_zhakov_karbon_saperavi_krasnoe_suhoe_126_7c676ef0b4.webp"", ""score"": 4, ""matched_tokens"": [""karbon""]}, {""archive_path"": ""prod-svoe-vino-strapi/prod-svoe-vino/strapi/uploads/Foto_vinodelnya_Kommunalka_2be45a013a.WEBP"", ""basename"": ""Foto_vinodelnya_Kommunalka_2be45a013a.WEBP"", ""score"": 2, ""matched_tokens"": [""kommunalka""]}, {""archive_path"": ""prod-svoe-vino-strapi/prod-svoe-vino/strapi/uploads/Foto_vinodelnya_Kommunalka_7bdd35f20e.WEBP"", ""basename"": ""Foto_vinodelnya_Kommunalka_7bdd35f20e.WEBP"", ""score"": 2, ""matched_tokens"": [""kommunalka""]}]",[]
kokur-avtorskoe,Кокур Авторское,Белое,Массандра,4287_YChPNz3-no-bg-preview (carve.photos).webp,unmatched,no_deterministic_media_candidate,unmatched,space-containing name,67,6,"[{""archive_path"": ""prod-svoe-vino-strapi/prod-svoe-vino/strapi/uploads/Massandra_Kokur_1fa858a17c.webp"", ""basename"": ""Massandra_Kokur_1fa858a17c.webp"", ""score"": 6, ""matched_tokens"": [""kokur"", ""massandra""]}, {""archive_path"": ""prod-svoe-vino-strapi/prod-svoe-vino/strapi/uploads/massandra_avtorskoe_murvedr_krasnoe_suhoe_14_9f3b7f61d6.webp"", ""basename"": ""massandra_avtorskoe_murvedr_krasnoe_suhoe_14_9f3b7f61d6.webp"", ""score"": 6, ""matched_tokens"": [""avtorskoe"", ""massandra""]}, {""archive_path"": ""prod-svoe-vino-strapi/prod-svoe-vino/strapi/uploads/massandra_kokur_desertnyy_surozh_beloe_sladkoe_16_ffabb4dfbc.webp"", ""basename"": ""massandra_kokur_desertnyy_surozh_beloe_sladkoe_16_ffabb4dfbc.webp"", ""score"": 6, ""matched_tokens"": [""kokur"", ""massandra""]}, {""archive_path"": ""prod-svoe-vino-strapi/prod-svoe-vino/strapi/uploads/massandra_portveyn_belyy_gurzuf_kokur_belyy_beloe_sladkoe_135_d34b047b41.webp"", ""basename"": ""massandra_portveyn_belyy_gurzuf_kokur_belyy_beloe_sladkoe_135_d34b047b41.webp"", ""score"": 6, ""matched_tokens"": [""kokur"", ""massandra""]}, {""archive_path"": ""prod-svoe-vino-strapi/prod-svoe-vino/strapi/uploads/massandra_portveyn_belyy_krymskiy_kokur_beloe_sladkoe_18_4a04230d4f.webp"", ""basename"": ""massandra_portveyn_belyy_krymskiy_kokur_beloe_sladkoe_18_4a04230d4f.webp"", ""score"": 6, ""matched_tokens"": [""kokur"", ""massandra""]}]",[]
kokur-premium,Кокур Премиум,Белое,Массандра,4291_pifLuYu-no-bg-preview (carve.photos).webp,unmatched,no_deterministic_media_candidate,unmatched,space-containing name,62,6,"[{""archive_path"": ""prod-svoe-vino-strapi/prod-svoe-vino/strapi/uploads/Massandra_Kokur_1fa858a17c.webp"", ""basename"": ""Massandra_Kokur_1fa858a17c.webp"", ""score"": 6, ""matched_tokens"": [""kokur"", ""massandra""]}, {""archive_path"": ""prod-svoe-vino-strapi/prod-svoe-vino/strapi/uploads/massandra_kokur_desertnyy_surozh_beloe_sladkoe_16_ffabb4dfbc.webp"", ""basename"": ""massandra_kokur_desertnyy_surozh_beloe_sladkoe_16_ffabb4dfbc.webp"", ""score"": 6, ""matched_tokens"": [""kokur"", ""massandra""]}, {""archive_path"": ""prod-svoe-vino-strapi/prod-svoe-vino/strapi/uploads/massandra_portveyn_belyy_gurzuf_kokur_belyy_beloe_sladkoe_135_d34b047b41.webp"", ""basename"": ""massandra_portveyn_belyy_gurzuf_kokur_belyy_beloe_sladkoe_135_d34b047b41.webp"", ""score"": 6, ""matched_tokens"": [""kokur"", ""massandra""]}, {""archive_path"": ""prod-svoe-vino-strapi/prod-svoe-vino/strapi/uploads/massandra_portveyn_belyy_krymskiy_kokur_beloe_sladkoe_18_4a04230d4f.webp"", ""basename"": ""massandra_portveyn_belyy_krymskiy_kokur_beloe_sladkoe_18_4a04230d4f.webp"", ""score"": 6, ""matched_tokens"": [""kokur"", ""massandra""]}, {""archive_path"": ""prod-svoe-vino-strapi/prod-svoe-vino/strapi/uploads/massandra_premium_sangiovese_sandzhoveze_krasnoe_suhoe_13_9ec620eaff.webp"", ""basename"": ""massandra_premium_sangiovese_sandzhoveze_krasnoe_suhoe_13_9ec620eaff.webp"", ""score"": 6, ""matched_tokens"": [""massandra"", ""premium""]}]",[]
kokur-suhoe,Кокур сухое,Белое,Массандра,PUSjv7dnMNilH25TO9BcbEHxFsVdacxiw9g14-S-jNlsQHUw8Gotsf9OTvhVAM2MPFezWL9o66cKdhREGsmUqA==.webp,unmatched,no_deterministic_media_candidate,unmatched,ASCII name without deterministic candidate,61,6,"[{""archive_path"": ""prod-svoe-vino-strapi/prod-svoe-vino/strapi/uploads/Massandra_Kokur_1fa858a17c.webp"", ""basename"": ""Massandra_Kokur_1fa858a17c.webp"", ""score"": 6, ""matched_tokens"": [""kokur"", ""massandra""]}, {""archive_path"": ""prod-svoe-vino-strapi/prod-svoe-vino/strapi/uploads/massandra_kokur_desertnyy_surozh_beloe_sladkoe_16_ffabb4dfbc.webp"", ""basename"": ""massandra_kokur_desertnyy_surozh_beloe_sladkoe_16_ffabb4dfbc.webp"", ""score"": 6, ""matched_tokens"": [""kokur"", ""massandra""]}, {""archive_path"": ""prod-svoe-vino-strapi/prod-svoe-vino/strapi/uploads/massandra_portveyn_belyy_gurzuf_kokur_belyy_beloe_sladkoe_135_d34b047b41.webp"", ""basename"": ""massandra_portveyn_belyy_gurzuf_kokur_belyy_beloe_sladkoe_135_d34b047b41.webp"", ""score"": 6, ""matched_tokens"": [""kokur"", ""massandra""]}, {""archive_path"": ""prod-svoe-vino-strapi/prod-svoe-vino/strapi/uploads/massandra_portveyn_belyy_krymskiy_kokur_beloe_sladkoe_18_4a04230d4f.webp"", ""basename"": ""massandra_portveyn_belyy_krymskiy_kokur_beloe_sladkoe_18_4a04230d4f.webp"", ""score"": 6, ""matched_tokens"": [""kokur"", ""massandra""]}, {""archive_path"": ""prod-svoe-vino-strapi/prod-svoe-vino/strapi/uploads/Kokur_oranzh_7818d586b6.webp"", ""basename"": ""Kokur_oranzh_7818d586b6.webp"", ""score"": 4, ""matched_tokens"": [""kokur""]}]",[]
kokur-suhoe-2025,"Кокур Сухое, 2025",Белое,Винодельня Братьев Мельниковых,DSC00839-Photoroom.webp,unmatched,no_deterministic_media_candidate,unmatched,ASCII name without deterministic candidate,30,4,"[{""archive_path"": ""prod-svoe-vino-strapi/prod-svoe-vino/strapi/uploads/vinodelnya_bratev_melnikovyh_kaberne_sovinon_kaberne_fran_dva_brata_krasnoe_suhoe_145_04c9c00425.webp"", ""basename"": ""vinodelnya_bratev_melnikovyh_kaberne_sovinon_kaberne_fran_dva_brata_krasnoe_suhoe_145_04c9c00425.webp"", ""score"": 4, ""matched_tokens"": [""bratev"", ""melnikovyh""]}, {""archive_path"": ""prod-svoe-vino-strapi/prod-svoe-vino/strapi/uploads/vinodelnya_bratev_melnikovyh_pino_dva_brata_pino_gri_rozovoe_suhoe_13_29922b3bc8.webp"", ""basename"": ""vinodelnya_bratev_melnikovyh_pino_dva_brata_pino_gri_rozovoe_suhoe_13_29922b3bc8.webp"", ""score"": 4, ""matched_tokens"": [""bratev"", ""melnikovyh""]}, {""archive_path"": ""prod-svoe-vino-strapi/prod-svoe-vino/strapi/uploads/Kokur_oranzh_7818d586b6.webp"", ""basename"": ""Kokur_oranzh_7818d586b6.webp"", ""score"": 4, ""matched_tokens"": [""kokur""]}, {""archive_path"": ""prod-svoe-vino-strapi/prod-svoe-vino/strapi/uploads/Massandra_Kokur_1fa858a17c.webp"", ""basename"": ""Massandra_Kokur_1fa858a17c.webp"", ""score"": 4, ""matched_tokens"": [""kokur""]}, {""archive_path"": ""prod-svoe-vino-strapi/prod-svoe-vino/strapi/uploads/Solnechnaya_Dolina_meganom_kokur_0084a50e59.webp"", ""basename"": ""Solnechnaya_Dolina_meganom_kokur_0084a50e59.webp"", ""score"": 4, ""matched_tokens"": [""kokur""]}]",[]
kokur-2025,"Кокур, 2025",Белое,Винодельня Братьев Мельниковых,DSC00839-Photoroom.webp,unmatched,no_deterministic_media_candidate,unmatched,ASCII name without deterministic candidate,30,4,"[{""archive_path"": ""prod-svoe-vino-strapi/prod-svoe-vino/strapi/uploads/vinodelnya_bratev_melnikovyh_kaberne_sovinon_kaberne_fran_dva_brata_krasnoe_suhoe_145_04c9c00425.webp"", ""basename"": ""vinodelnya_bratev_melnikovyh_kaberne_sovinon_kaberne_fran_dva_brata_krasnoe_suhoe_145_04c9c00425.webp"", ""score"": 4, ""matched_tokens"": [""bratev"", ""melnikovyh""]}, {""archive_path"": ""prod-svoe-vino-strapi/prod-svoe-vino/strapi/uploads/vinodelnya_bratev_melnikovyh_pino_dva_brata_pino_gri_rozovoe_suhoe_13_29922b3bc8.webp"", ""basename"": ""vinodelnya_bratev_melnikovyh_pino_dva_brata_pino_gri_rozovoe_suhoe_13_29922b3bc8.webp"", ""score"": 4, ""matched_tokens"": [""bratev"", ""melnikovyh""]}, {""archive_path"": ""prod-svoe-vino-strapi/prod-svoe-vino/strapi/uploads/Kokur_oranzh_7818d586b6.webp"", ""basename"": ""Kokur_oranzh_7818d586b6.webp"", ""score"": 4, ""matched_tokens"": [""kokur""]}, {""archive_path"": ""prod-svoe-vino-strapi/prod-svoe-vino/strapi/uploads/Massandra_Kokur_1fa858a17c.webp"", ""basename"": ""Massandra_Kokur_1fa858a17c.webp"", ""score"": 4, ""matched_tokens"": [""kokur""]}, {""archive_path"": ""prod-svoe-vino-strapi/prod-svoe-vino/strapi/uploads/Solnechnaya_Dolina_meganom_kokur_0084a50e59.webp"", ""basename"": ""Solnechnaya_Dolina_meganom_kokur_0084a50e59.webp"", ""score"": 4, ""matched_tokens"": [""kokur""]}]",[]
katharon-mezenka-risling-polusuhoe,Мезенка: Рислинг полусухое,Белое,KATHARON,KATHARON Мезенка: Рислинг полусухое.webp,unmatched,no_deterministic_media_candidate,unmatched,non-ASCII/Cyrillic name,164,15,"[{""archive_path"": ""prod-svoe-vino-strapi/prod-svoe-vino/strapi/uploads/Katharon_Risling_2025_983f02b959.webp"", ""basename"": ""Katharon_Risling_2025_983f02b959.webp"", ""score"": 15, ""matched_tokens"": [""katharon"", ""risling""]}, {""archive_path"": ""prod-svoe-vino-strapi/prod-svoe-vino/strapi/uploads/02_06_risling_c483c739de.webp"", ""basename"": ""02_06_risling_c483c739de.webp"", ""score"": 8, ""matched_tokens"": [""risling""]}, {""archive_path"": ""prod-svoe-vino-strapi/prod-svoe-vino/strapi/uploads/15_07_risling_i_blyuda_1f256e99d5.webp"", ""basename"": ""15_07_risling_i_blyuda_1f256e99d5.webp"", ""score"": 8, ""matched_tokens"": [""risling""]}, {""archive_path"": ""prod-svoe-vino-strapi/prod-svoe-vino/strapi/uploads/22_06_risling_5a05ef1979.webp"", ""basename"": ""22_06_risling_5a05ef1979.webp"", ""score"": 8, ""matched_tokens"": [""risling""]}, {""archive_path"": ""prod-svoe-vino-strapi/prod-svoe-vino/strapi/uploads/Agora_Risling_1b886b07f8.webp"", ""basename"": ""Agora_Risling_1b886b07f8.webp"", ""score"": 8, ""matched_tokens"": [""risling""]}]",[]
katharon-mezenka-risling-suhoe,Мезенка: Рислинг сухое,Белое,KATHARON,KATHARON Мезенка: Рислинг сухое.webp,unmatched,no_deterministic_media_candidate,unmatched,non-ASCII/Cyrillic name,164,15,"[{""archive_path"": ""prod-svoe-vino-strapi/prod-svoe-vino/strapi/uploads/Katharon_Risling_2025_983f02b959.webp"", ""basename"": ""Katharon_Risling_2025_983f02b959.webp"", ""score"": 15, ""matched_tokens"": [""katharon"", ""risling""]}, {""archive_path"": ""prod-svoe-vino-strapi/prod-svoe-vino/strapi/uploads/02_06_risling_c483c739de.webp"", ""basename"": ""02_06_risling_c483c739de.webp"", ""score"": 8, ""matched_tokens"": [""risling""]}, {""archive_path"": ""prod-svoe-vino-strapi/prod-svoe-vino/strapi/uploads/15_07_risling_i_blyuda_1f256e99d5.webp"", ""basename"": ""15_07_risling_i_blyuda_1f256e99d5.webp"", ""score"": 8, ""matched_tokens"": [""risling""]}, {""archive_path"": ""prod-svoe-vino-strapi/prod-svoe-vino/strapi/uploads/22_06_risling_5a05ef1979.webp"", ""basename"": ""22_06_risling_5a05ef1979.webp"", ""score"": 8, ""matched_tokens"": [""risling""]}, {""archive_path"": ""prod-svoe-vino-strapi/prod-svoe-vino/strapi/uploads/Agora_Risling_1b886b07f8.webp"", ""basename"": ""Agora_Risling_1b886b07f8.webp"", ""score"": 8, ""matched_tokens"": [""risling""]}]",[]
novyj-svet-kollekczionnoe-bryut,Новый Свет коллекционное брют,Белое,Новый Свет. Дом шампанских вин,4293_5vOij6H.webp,unmatched,no_deterministic_media_candidate,unmatched,ASCII name without deterministic candidate,32,12,"[{""archive_path"": ""prod-svoe-vino-strapi/prod-svoe-vino/strapi/uploads/Novyj_Svet_Koronaczionnoe_883afb2ab5.webp"", ""basename"": ""Novyj_Svet_Koronaczionnoe_883afb2ab5.webp"", ""score"": 12, ""matched_tokens"": [""novyj"", ""svet""]}, {""archive_path"": ""prod-svoe-vino-strapi/prod-svoe-vino/strapi/uploads/Novyj_soyuz_vinodelov_i_stilej_proekt_Dva_h_Dva_fc85cab887.webp"", ""basename"": ""Novyj_soyuz_vinodelov_i_stilej_proekt_Dva_h_Dva_fc85cab887.webp"", ""score"": 6, ""matched_tokens"": [""novyj""]}, {""archive_path"": ""prod-svoe-vino-strapi/prod-svoe-vino/strapi/uploads/Set_pod_vina_novyj_1_c338fe411c.webp"", ""basename"": ""Set_pod_vina_novyj_1_c338fe411c.webp"", ""score"": 6, ""matched_tokens"": [""novyj""]}, {""archive_path"": ""prod-svoe-vino-strapi/prod-svoe-vino/strapi/uploads/novyj_hersones_no_bg_preview_carve_photos_8506334227.webp"", ""basename"": ""novyj_hersones_no_bg_preview_carve_photos_8506334227.webp"", ""score"": 6, ""matched_tokens"": [""novyj""]}, {""archive_path"": ""prod-svoe-vino-strapi/prod-svoe-vino/strapi/uploads/novyy_svet_dom_shampanskih_vin_igristoe_vino_vyderzhannoe_bryut_krasnoe_novyy_svet_kaberne_sovinon_135_c251fa3c04.webp"", ""basename"": ""novyy_svet_dom_shampanskih_vin_igristoe_vino_vyderzhannoe_bryut_krasnoe_novyy_svet_kaberne_sovinon_135_c251fa3c04.webp"", ""score"": 6, ""matched_tokens"": [""svet""]}]",[]
novyj-svet-polusladkoe,Новый Свет полусладкое,Белое,Новый Свет. Дом шампанских вин,4300_tlKHpEg.webp,unmatched,no_deterministic_media_candidate,unmatched,ASCII name without deterministic candidate,32,12,"[{""archive_path"": ""prod-svoe-vino-strapi/prod-svoe-vino/strapi/uploads/Novyj_Svet_Koronaczionnoe_883afb2ab5.webp"", ""basename"": ""Novyj_Svet_Koronaczionnoe_883afb2ab5.webp"", ""score"": 12, ""matched_tokens"": [""novyj"", ""svet""]}, {""archive_path"": ""prod-svoe-vino-strapi/prod-svoe-vino/strapi/uploads/Novyj_soyuz_vinodelov_i_stilej_proekt_Dva_h_Dva_fc85cab887.webp"", ""basename"": ""Novyj_soyuz_vinodelov_i_stilej_proekt_Dva_h_Dva_fc85cab887.webp"", ""score"": 6, ""matched_tokens"": [""novyj""]}, {""archive_path"": ""prod-svoe-vino-strapi/prod-svoe-vino/strapi/uploads/Set_pod_vina_novyj_1_c338fe411c.webp"", ""basename"": ""Set_pod_vina_novyj_1_c338fe411c.webp"", ""score"": 6, ""matched_tokens"": [""novyj""]}, {""archive_path"": ""prod-svoe-vino-strapi/prod-svoe-vino/strapi/uploads/novyj_hersones_no_bg_preview_carve_photos_8506334227.webp"", ""basename"": ""novyj_hersones_no_bg_preview_carve_photos_8506334227.webp"", ""score"": 6, ""matched_tokens"": [""novyj""]}, {""archive_path"": ""prod-svoe-vino-strapi/prod-svoe-vino/strapi/uploads/novyy_svet_dom_shampanskih_vin_igristoe_vino_vyderzhannoe_bryut_krasnoe_novyy_svet_kaberne_sovinon_135_c251fa3c04.webp"", ""basename"": ""novyy_svet_dom_shampanskih_vin_igristoe_vino_vyderzhannoe_bryut_krasnoe_novyy_svet_kaberne_sovinon_135_c251fa3c04.webp"", ""score"": 6, ""matched_tokens"": [""svet""]}]",[]
novyj-svet-shardone,Новый Свет. Шардоне,Белое,Новый Свет. Дом шампанских вин,4301_xcHyczV.webp,unmatched,no_deterministic_media_candidate,unmatched,ASCII name without deterministic candidate,241,12,"[{""archive_path"": ""prod-svoe-vino-strapi/prod-svoe-vino/strapi/uploads/Novyj_Svet_Koronaczionnoe_883afb2ab5.webp"", ""basename"": ""Novyj_Svet_Koronaczionnoe_883afb2ab5.webp"", ""score"": 12, ""matched_tokens"": [""novyj"", ""svet""]}, {""archive_path"": ""prod-svoe-vino-strapi/prod-svoe-vino/strapi/uploads/novyy_svet_dom_shampanskih_vin_novyy_svet_kyuve_ekstra_bryut_shardone_igristoe_ekstra_bryut_beloe_135_581e3f0c7a.webp"", ""basename"": ""novyy_svet_dom_shampanskih_vin_novyy_svet_kyuve_ekstra_bryut_shardone_igristoe_ekstra_bryut_beloe_135_581e3f0c7a.webp"", ""score"": 7, ""matched_tokens"": [""shardone"", ""svet""]}, {""archive_path"": ""prod-svoe-vino-strapi/prod-svoe-vino/strapi/uploads/novyy_svet_dom_shampanskih_vin_novyy_svet_polusladkoe_roze_shardone_igristoe_polusladkoe_rozovoe_115_79fb7eee7d.webp"", ""basename"": ""novyy_svet_dom_shampanskih_vin_novyy_svet_polusladkoe_roze_shardone_igristoe_polusladkoe_rozovoe_115_79fb7eee7d.webp"", ""score"": 7, ""matched_tokens"": [""shardone"", ""svet""]}, {""archive_path"": ""prod-svoe-vino-strapi/prod-svoe-vino/strapi/uploads/novyy_svet_dom_shampanskih_vin_rossiyskoe_shampanskoe_kollektsionnoe_bryut_beloe_novyy_svet_paradizio_shardone_125_de1ec3a166.webp"", ""basename"": ""novyy_svet_dom_shampanskih_vin_rossiyskoe_shampanskoe_kollektsionnoe_bryut_beloe_novyy_svet_paradizio_shardone_125_de1ec3a166.webp"", ""score"": 7, ""matched_tokens"": [""shardone"", ""svet""]}, {""archive_path"": ""prod-svoe-vino-strapi/prod-svoe-vino/strapi/uploads/novyy_svet_dom_shampanskih_vin_rossiyskoe_shampanskoe_kollektsionnoe_ekstra_bryut_beloe_novyy_svet_kyuve_de_prestizh_shardone_125_622aabc99e.webp"", ""basename"": ""novyy_svet_dom_shampanskih_vin_rossiyskoe_shampanskoe_kollektsionnoe_ekstra_bryut_beloe_novyy_svet_kyuve_de_prestizh_shardone_125_622aabc99e.webp"", ""score"": 7, ""matched_tokens"": [""shardone"", ""svet""]}]",[]
ona-skazala-da,Она сказала Да!,Розовое,Фанагория,"Generated Image June 22, 2026 - 10_44PM (1).webp",unmatched,no_deterministic_media_candidate,unmatched,space-containing name,301,10,"[{""archive_path"": ""prod-svoe-vino-strapi/prod-svoe-vino/strapi/uploads/Fanagoriya_beloe_polusladkoe_ona_skazala_da_5ed0a48dfd.webp"", ""basename"": ""Fanagoriya_beloe_polusladkoe_ona_skazala_da_5ed0a48dfd.webp"", ""score"": 10, ""matched_tokens"": [""fanagoriya"", ""ona"", ""skazala""]}, {""archive_path"": ""prod-svoe-vino-strapi/prod-svoe-vino/strapi/uploads/Fanagoriya_bryut_beloe_ona_skazala_da_7be00b028a.webp"", ""basename"": ""Fanagoriya_bryut_beloe_ona_skazala_da_7be00b028a.webp"", ""score"": 10, ""matched_tokens"": [""fanagoriya"", ""ona"", ""skazala""]}, {""archive_path"": ""prod-svoe-vino-strapi/prod-svoe-vino/strapi/uploads/Generated_Image_June_04_2026_2_51_PM_2e329bcc92.webp"", ""basename"": ""Generated_Image_June_04_2026_2_51_PM_2e329bcc92.webp"", ""score"": 8, ""matched_tokens"": [""generated"", ""june""]}, {""archive_path"": ""prod-svoe-vino-strapi/prod-svoe-vino/strapi/uploads/Generated_Image_June_05_2026_4_51_PM_88cc4afa34.webp"", ""basename"": ""Generated_Image_June_05_2026_4_51_PM_88cc4afa34.webp"", ""score"": 8, ""matched_tokens"": [""generated"", ""june""]}, {""archive_path"": ""prod-svoe-vino-strapi/prod-svoe-vino/strapi/uploads/Generated_Image_June_05_2026_4_52_PM_cc7554ba94.webp"", ""basename"": ""Generated_Image_June_05_2026_4_52_PM_cc7554ba94.webp"", ""score"": 8, ""matched_tokens"": [""generated"", ""june""]}]",[]
pet-nat-sosedi-2024,"Пет Нат Соседи, 2024",Розовое,Коммуналка,DSC09170.webp,unmatched,no_deterministic_media_candidate,unmatched,ASCII name without deterministic candidate,7,8,"[{""archive_path"": ""prod-svoe-vino-strapi/prod-svoe-vino/strapi/uploads/vinodelnya_vedernikov_vedernikov_pet_nat_golubok_krasnyy_bryut_krasnoe_suhoe_13_59ca83550f.webp"", ""basename"": ""vinodelnya_vedernikov_vedernikov_pet_nat_golubok_krasnyy_bryut_krasnoe_suhoe_13_59ca83550f.webp"", ""score"": 8, ""matched_tokens"": [""nat"", ""pet""]}, {""archive_path"": ""prod-svoe-vino-strapi/prod-svoe-vino/strapi/uploads/vinodelnya_vedernikov_vedernikov_pet_nat_platovskiy_aligote_bryut_beloe_suhoe_10_d5c01e9bdf.webp"", ""basename"": ""vinodelnya_vedernikov_vedernikov_pet_nat_platovskiy_aligote_bryut_beloe_suhoe_10_d5c01e9bdf.webp"", ""score"": 8, ""matched_tokens"": [""nat"", ""pet""]}, {""archive_path"": ""prod-svoe-vino-strapi/prod-svoe-vino/strapi/uploads/vinodelnya_vedernikov_vinodelnya_vedernikov_pet_nat_roze_tsimlyanskiy_chernyy_rozovoe_suhoe_12_647e4c90d6.webp"", ""basename"": ""vinodelnya_vedernikov_vinodelnya_vedernikov_pet_nat_roze_tsimlyanskiy_chernyy_rozovoe_suhoe_12_647e4c90d6.webp"", ""score"": 8, ""matched_tokens"": [""nat"", ""pet""]}, {""archive_path"": ""prod-svoe-vino-strapi/prod-svoe-vino/strapi/uploads/Foto_vinodelnya_Kommunalka_2be45a013a.WEBP"", ""basename"": ""Foto_vinodelnya_Kommunalka_2be45a013a.WEBP"", ""score"": 2, ""matched_tokens"": [""kommunalka""]}, {""archive_path"": ""prod-svoe-vino-strapi/prod-svoe-vino/strapi/uploads/Foto_vinodelnya_Kommunalka_7bdd35f20e.WEBP"", ""basename"": ""Foto_vinodelnya_Kommunalka_7bdd35f20e.WEBP"", ""score"": 2, ""matched_tokens"": [""kommunalka""]}]",[]
pino-glyu-2025,"Пино Глю, 2025",Красное,Коммуналка,DSC00837-Photoroom.webp,unmatched,no_deterministic_media_candidate,unmatched,ASCII name without deterministic candidate,269,8,"[{""archive_path"": ""prod-svoe-vino-strapi/prod-svoe-vino/strapi/uploads/shato_pino_glyu_glyu_vione_krasnoe_suhoe_10_2f2adaea3e.webp"", ""basename"": ""shato_pino_glyu_glyu_vione_krasnoe_suhoe_10_2f2adaea3e.webp"", ""score"": 8, ""matched_tokens"": [""glyu"", ""pino""]}, {""archive_path"": ""prod-svoe-vino-strapi/prod-svoe-vino/strapi/uploads/Agora_Pino_Nuar_e81246aa3a.webp"", ""basename"": ""Agora_Pino_Nuar_e81246aa3a.webp"", ""score"": 4, ""matched_tokens"": [""pino""]}, {""archive_path"": ""prod-svoe-vino-strapi/prod-svoe-vino/strapi/uploads/Agora_Rezerv_Yahting_Pino_Gridzhio_5daf688202.webp"", ""basename"": ""Agora_Rezerv_Yahting_Pino_Gridzhio_5daf688202.webp"", ""score"": 4, ""matched_tokens"": [""pino""]}, {""archive_path"": ""prod-svoe-vino-strapi/prod-svoe-vino/strapi/uploads/Ajsvajn_Risling_ot_Shato_Pino_42519c7262.webp"", ""basename"": ""Ajsvajn_Risling_ot_Shato_Pino_42519c7262.webp"", ""score"": 4, ""matched_tokens"": [""pino""]}, {""archive_path"": ""prod-svoe-vino-strapi/prod-svoe-vino/strapi/uploads/Ajsvajn_Risling_ot_Shato_Pino_849d23a2c3.webp"", ""basename"": ""Ajsvajn_Risling_ot_Shato_Pino_849d23a2c3.webp"", ""score"": 4, ""matched_tokens"": [""pino""]}]",[]
pino-nuar-2025,"Пино Нуар, 2025",Розовое,Винодельня Братьев Мельниковых,DSC00836.webp,unmatched,no_deterministic_media_candidate,unmatched,ASCII name without deterministic candidate,269,8,"[{""archive_path"": ""prod-svoe-vino-strapi/prod-svoe-vino/strapi/uploads/vinodelnya_bratev_melnikovyh_pino_dva_brata_pino_gri_rozovoe_suhoe_13_29922b3bc8.webp"", ""basename"": ""vinodelnya_bratev_melnikovyh_pino_dva_brata_pino_gri_rozovoe_suhoe_13_29922b3bc8.webp"", ""score"": 8, ""matched_tokens"": [""bratev"", ""melnikovyh"", ""pino""]}, {""archive_path"": ""prod-svoe-vino-strapi/prod-svoe-vino/strapi/uploads/Agora_Pino_Nuar_e81246aa3a.webp"", ""basename"": ""Agora_Pino_Nuar_e81246aa3a.webp"", ""score"": 8, ""matched_tokens"": [""nuar"", ""pino""]}, {""archive_path"": ""prod-svoe-vino-strapi/prod-svoe-vino/strapi/uploads/Igristoe_Rozovoe_Pino_Nuar_bez_fona_0156c8af31.webp"", ""basename"": ""Igristoe_Rozovoe_Pino_Nuar_bez_fona_0156c8af31.webp"", ""score"": 8, ""matched_tokens"": [""nuar"", ""pino""]}, {""archive_path"": ""prod-svoe-vino-strapi/prod-svoe-vino/strapi/uploads/Kaberne_Pino_Nuar_p_suh_43702e1e1a.webp"", ""basename"": ""Kaberne_Pino_Nuar_p_suh_43702e1e1a.webp"", ""score"": 8, ""matched_tokens"": [""nuar"", ""pino""]}, {""archive_path"": ""prod-svoe-vino-strapi/prod-svoe-vino/strapi/uploads/Kaberne_Pino_Nuar_p_suh_fdc75b3e8a.webp"", ""basename"": ""Kaberne_Pino_Nuar_p_suh_fdc75b3e8a.webp"", ""score"": 8, ""matched_tokens"": [""nuar"", ""pino""]}]",[]
risling-2024,"Рислинг, 2024",Белое,Винодельня Братьев Мельниковых,DSC00840-Photoroom.webp,unmatched,no_deterministic_media_candidate,unmatched,ASCII name without deterministic candidate,156,4,"[{""archive_path"": ""prod-svoe-vino-strapi/prod-svoe-vino/strapi/uploads/vinodelnya_bratev_melnikovyh_kaberne_sovinon_kaberne_fran_dva_brata_krasnoe_suhoe_145_04c9c00425.webp"", ""basename"": ""vinodelnya_bratev_melnikovyh_kaberne_sovinon_kaberne_fran_dva_brata_krasnoe_suhoe_145_04c9c00425.webp"", ""score"": 4, ""matched_tokens"": [""bratev"", ""melnikovyh""]}, {""archive_path"": ""prod-svoe-vino-strapi/prod-svoe-vino/strapi/uploads/vinodelnya_bratev_melnikovyh_pino_dva_brata_pino_gri_rozovoe_suhoe_13_29922b3bc8.webp"", ""basename"": ""vinodelnya_bratev_melnikovyh_pino_dva_brata_pino_gri_rozovoe_suhoe_13_29922b3bc8.webp"", ""score"": 4, ""matched_tokens"": [""bratev"", ""melnikovyh""]}, {""archive_path"": ""prod-svoe-vino-strapi/prod-svoe-vino/strapi/uploads/02_06_risling_c483c739de.webp"", ""basename"": ""02_06_risling_c483c739de.webp"", ""score"": 4, ""matched_tokens"": [""risling""]}, {""archive_path"": ""prod-svoe-vino-strapi/prod-svoe-vino/strapi/uploads/15_07_risling_i_blyuda_1f256e99d5.webp"", ""basename"": ""15_07_risling_i_blyuda_1f256e99d5.webp"", ""score"": 4, ""matched_tokens"": [""risling""]}, {""archive_path"": ""prod-svoe-vino-strapi/prod-svoe-vino/strapi/uploads/22_06_risling_5a05ef1979.webp"", ""basename"": ""22_06_risling_5a05ef1979.webp"", ""score"": 4, ""matched_tokens"": [""risling""]}]",[]
rkacziteli-beloe-suhoe,Ркацители белое сухое,Белое,Ведерниковъ,PUSjv7dnMNilH25TO9BcbHXIpy_mUTr_Wd50ScqGjhvZ2mAVX4zqqcETZRz075dvrAXeagyogpHmlZhI3IHJbQ==.webp,unmatched,no_deterministic_media_candidate,unmatched,ASCII name without deterministic candidate,54,2,"[{""archive_path"": ""prod-svoe-vino-strapi/prod-svoe-vino/strapi/uploads/Gyulbala_Zeidov_glavnyj_vinodel_Vinodelni_Vedernikov_8d77a44573.webp"", ""basename"": ""Gyulbala_Zeidov_glavnyj_vinodel_Vinodelni_Vedernikov_8d77a44573.webp"", ""score"": 2, ""matched_tokens"": [""vedernikov""]}, {""archive_path"": ""prod-svoe-vino-strapi/prod-svoe-vino/strapi/uploads/Krasnostop_Vinogradniki_Vinodelni_Vedernikov_b0076f8520.webp"", ""basename"": ""Krasnostop_Vinogradniki_Vinodelni_Vedernikov_b0076f8520.webp"", ""score"": 2, ""matched_tokens"": [""vedernikov""]}, {""archive_path"": ""prod-svoe-vino-strapi/prod-svoe-vino/strapi/uploads/Krasnostop_Zolotovskij_vyderzhannoe_v_dube_Vedernikov_48de7bfbf8.webp"", ""basename"": ""Krasnostop_Zolotovskij_vyderzhannoe_v_dube_Vedernikov_48de7bfbf8.webp"", ""score"": 2, ""matched_tokens"": [""vedernikov""]}, {""archive_path"": ""prod-svoe-vino-strapi/prod-svoe-vino/strapi/uploads/Krasnostop_Zolotovskij_vyderzhannoe_v_dube_Vedernikov_cb247d13dd.webp"", ""basename"": ""Krasnostop_Zolotovskij_vyderzhannoe_v_dube_Vedernikov_cb247d13dd.webp"", ""score"": 2, ""matched_tokens"": [""vedernikov""]}, {""archive_path"": ""prod-svoe-vino-strapi/prod-svoe-vino/strapi/uploads/Vedernikov_enogastronomy_0c4b43152a_4dfe276c39.webp"", ""basename"": ""Vedernikov_enogastronomy_0c4b43152a_4dfe276c39.webp"", ""score"": 2, ""matched_tokens"": [""vedernikov""]}]",[]
roze-avtorskoe-vino,Розе. Авторское вино,Розовое,Массандра,2922_lCf6Bdm.webp,unmatched,no_deterministic_media_candidate,unmatched,ASCII name without deterministic candidate,127,4,"[{""archive_path"": ""prod-svoe-vino-strapi/prod-svoe-vino/strapi/uploads/26_05_roze_7afad212fc.webp"", ""basename"": ""26_05_roze_7afad212fc.webp"", ""score"": 4, ""matched_tokens"": [""roze""]}, {""archive_path"": ""prod-svoe-vino-strapi/prod-svoe-vino/strapi/uploads/30_05_roze_d146c8f2e2.webp"", ""basename"": ""30_05_roze_d146c8f2e2.webp"", ""score"": 4, ""matched_tokens"": [""roze""]}, {""archive_path"": ""prod-svoe-vino-strapi/prod-svoe-vino/strapi/uploads/7_05_roze_1b45f6c214.webp"", ""basename"": ""7_05_roze_1b45f6c214.webp"", ""score"": 4, ""matched_tokens"": [""roze""]}, {""archive_path"": ""prod-svoe-vino-strapi/prod-svoe-vino/strapi/uploads/AYA_Mokapy_igristoe_roze_e3c51b7973.webp"", ""basename"": ""AYA_Mokapy_igristoe_roze_e3c51b7973.webp"", ""score"": 4, ""matched_tokens"": [""roze""]}, {""archive_path"": ""prod-svoe-vino-strapi/prod-svoe-vino/strapi/uploads/Aristov_Kyuve_Roze_Pino_2023_0_75l_bryut_Normal_Photoroom_cc598880d5.webp"", ""basename"": ""Aristov_Kyuve_Roze_Pino_2023_0_75l_bryut_Normal_Photoroom_cc598880d5.webp"", ""score"": 4, ""matched_tokens"": [""roze""]}]",[]
rozovoe-bryut-1,Розовое брют,Розовое,Золотая Балка,PUSjv7dnMNilH25TO9BcbFBPZSZMWHW-C96-w-SlBIvm4j7SomVifCnWbCxbVPT4yrDB1uyfORJYphzwKVYwjQ==.webp,unmatched,no_deterministic_media_candidate,unmatched,ASCII name without deterministic candidate,19,4,"[{""archive_path"": ""prod-svoe-vino-strapi/prod-svoe-vino/strapi/uploads/Zolotaya_Balka_7d7ab5b81d.webp"", ""basename"": ""Zolotaya_Balka_7d7ab5b81d.webp"", ""score"": 4, ""matched_tokens"": [""balka"", ""zolotaya""]}, {""archive_path"": ""prod-svoe-vino-strapi/prod-svoe-vino/strapi/uploads/Zolotaya_Balka_igristoe_krasnoe_polusladkoe_8604608e59.webp"", ""basename"": ""Zolotaya_Balka_igristoe_krasnoe_polusladkoe_8604608e59.webp"", ""score"": 4, ""matched_tokens"": [""balka"", ""zolotaya""]}, {""archive_path"": ""prod-svoe-vino-strapi/prod-svoe-vino/strapi/uploads/zolotaya_balka_0ab08c875e.webp"", ""basename"": ""zolotaya_balka_0ab08c875e.webp"", ""score"": 4, ""matched_tokens"": [""balka"", ""zolotaya""]}, {""archive_path"": ""prod-svoe-vino-strapi/prod-svoe-vino/strapi/uploads/zolotaya_balka_black_prince_crimea_prestige_cuvee_extra_brut_limited_edition_shardone_beloe_ekstra_bryut_125_93ec57c2e6.webp"", ""basename"": ""zolotaya_balka_black_prince_crimea_prestige_cuvee_extra_brut_limited_edition_shardone_beloe_ekstra_bryut_125_93ec57c2e6.webp"", ""score"": 4, ""matched_tokens"": [""balka"", ""zolotaya""]}, {""archive_path"": ""prod-svoe-vino-strapi/prod-svoe-vino/strapi/uploads/zolotaya_balka_blanc_de_neige_shardone_beloe_suhoe_125_33030faa53.webp"", ""basename"": ""zolotaya_balka_blanc_de_neige_shardone_beloe_suhoe_125_33030faa53.webp"", ""score"": 4, ""matched_tokens"": [""balka"", ""zolotaya""]}]",[]
rozovoe-bryut,Розовое брют Monte Garu,Розовое,Дербент Вино,PUSjv7dnMNilH25TO9BcbG_LfwiSE8H5cqXoTEc1-yacFqC67GBdpqE3HXbAjCyq73a90Q8_KpBC64Bcw_SWoQ==.webp,unmatched,no_deterministic_media_candidate,unmatched,ASCII name without deterministic candidate,63,3,"[{""archive_path"": ""prod-svoe-vino-strapi/prod-svoe-vino/strapi/uploads/vinodelnya_batrak_monte_di_cammello_nuvola_bianca_risling_beloe_suhoe_12_e818c16f4c.webp"", ""basename"": ""vinodelnya_batrak_monte_di_cammello_nuvola_bianca_risling_beloe_suhoe_12_e818c16f4c.webp"", ""score"": 3, ""matched_tokens"": [""monte""]}, {""archive_path"": ""prod-svoe-vino-strapi/prod-svoe-vino/strapi/uploads/Derbent_Vino_Fori_di_Mare_Di_Kaspiko_d67089804b.webp"", ""basename"": ""Derbent_Vino_Fori_di_Mare_Di_Kaspiko_d67089804b.webp"", ""score"": 2, ""matched_tokens"": [""derbent""]}, {""archive_path"": ""prod-svoe-vino-strapi/prod-svoe-vino/strapi/uploads/Derbent_Vino_szhat_webp_cb05d3331f.jpg"", ""basename"": ""Derbent_Vino_szhat_webp_cb05d3331f.jpg"", ""score"": 2, ""matched_tokens"": [""derbent""]}, {""archive_path"": ""prod-svoe-vino-strapi/prod-svoe-vino/strapi/uploads/Derbent_festival2_6456ab5f53.webp"", ""basename"": ""Derbent_festival2_6456ab5f53.webp"", ""score"": 2, ""matched_tokens"": [""derbent""]}, {""archive_path"": ""prod-svoe-vino-strapi/prod-svoe-vino/strapi/uploads/Derbent_festival_b3f9afee31.webp"", ""basename"": ""Derbent_festival_b3f9afee31.webp"", ""score"": 2, ""matched_tokens"": [""derbent""]}]",[]
rozovoe-bryut-spumante,Розовое брют Спуманте,Розовое,Золотая Балка,PUSjv7dnMNilH25TO9BcbLdzaJNH1Hv9WOrHokzv1ehc6kKyOSaNL81-Blk2WzhW9BBPU9kyPHCZlDfI0SstzQ==.webp,unmatched,no_deterministic_media_candidate,unmatched,ASCII name without deterministic candidate,23,8,"[{""archive_path"": ""prod-svoe-vino-strapi/prod-svoe-vino/strapi/uploads/zolotaya_balka_zb_spumante_brut_risling_beloe_bryut_125_624bd4301a.webp"", ""basename"": ""zolotaya_balka_zb_spumante_brut_risling_beloe_bryut_125_624bd4301a.webp"", ""score"": 8, ""matched_tokens"": [""balka"", ""spumante"", ""zolotaya""]}, {""archive_path"": ""prod-svoe-vino-strapi/prod-svoe-vino/strapi/uploads/zolotaya_balka_zb_spumante_semi_dry_risling_beloe_polusuhoe_125_b4807ef6ee.webp"", ""basename"": ""zolotaya_balka_zb_spumante_semi_dry_risling_beloe_polusuhoe_125_b4807ef6ee.webp"", ""score"": 8, ""matched_tokens"": [""balka"", ""spumante"", ""zolotaya""]}, {""archive_path"": ""prod-svoe-vino-strapi/prod-svoe-vino/strapi/uploads/Zolotaya_Balka_7d7ab5b81d.webp"", ""basename"": ""Zolotaya_Balka_7d7ab5b81d.webp"", ""score"": 4, ""matched_tokens"": [""balka"", ""zolotaya""]}, {""archive_path"": ""prod-svoe-vino-strapi/prod-svoe-vino/strapi/uploads/Zolotaya_Balka_igristoe_krasnoe_polusladkoe_8604608e59.webp"", ""basename"": ""Zolotaya_Balka_igristoe_krasnoe_polusladkoe_8604608e59.webp"", ""score"": 4, ""matched_tokens"": [""balka"", ""zolotaya""]}, {""archive_path"": ""prod-svoe-vino-strapi/prod-svoe-vino/strapi/uploads/zolotaya_balka_0ab08c875e.webp"", ""basename"": ""zolotaya_balka_0ab08c875e.webp"", ""score"": 4, ""matched_tokens"": [""balka"", ""zolotaya""]}]",[]
rozovoe-polusladkoe-2,Розовое полусладкое,Розовое,Абрау-Дюрсо,"Generated Image June 22, 2026 - 10_44PM.webp",unmatched,no_deterministic_media_candidate,unmatched,space-containing name,286,8,"[{""archive_path"": ""prod-svoe-vino-strapi/prod-svoe-vino/strapi/uploads/Generated_Image_June_04_2026_2_51_PM_2e329bcc92.webp"", ""basename"": ""Generated_Image_June_04_2026_2_51_PM_2e329bcc92.webp"", ""score"": 8, ""matched_tokens"": [""generated"", ""june""]}, {""archive_path"": ""prod-svoe-vino-strapi/prod-svoe-vino/strapi/uploads/Generated_Image_June_05_2026_4_51_PM_88cc4afa34.webp"", ""basename"": ""Generated_Image_June_05_2026_4_51_PM_88cc4afa34.webp"", ""score"": 8, ""matched_tokens"": [""generated"", ""june""]}, {""archive_path"": ""prod-svoe-vino-strapi/prod-svoe-vino/strapi/uploads/Generated_Image_June_05_2026_4_52_PM_cc7554ba94.webp"", ""basename"": ""Generated_Image_June_05_2026_4_52_PM_cc7554ba94.webp"", ""score"": 8, ""matched_tokens"": [""generated"", ""june""]}, {""archive_path"": ""prod-svoe-vino-strapi/prod-svoe-vino/strapi/uploads/Generated_Image_June_05_2026_4_54_PM_747c1f345b.webp"", ""basename"": ""Generated_Image_June_05_2026_4_54_PM_747c1f345b.webp"", ""score"": 8, ""matched_tokens"": [""generated"", ""june""]}, {""archive_path"": ""prod-svoe-vino-strapi/prod-svoe-vino/strapi/uploads/Generated_Image_June_05_2026_4_56_PM_2049d6e1c9.webp"", ""basename"": ""Generated_Image_June_05_2026_4_56_PM_2049d6e1c9.webp"", ""score"": 8, ""matched_tokens"": [""generated"", ""june""]}]",[]
rozovoe-polusladkoe,Розовое полусладкое,Розовое,Фанагория,PUSjv7dnMNilH25TO9BcbFqWEFmkHJ5OXnjGot-CN_vax-0croylP_3xYXpE34B238kVMuxthJLKHv_6IW4LIg==.webp,unmatched,no_deterministic_media_candidate,unmatched,ASCII name without deterministic candidate,105,4,"[{""archive_path"": ""prod-svoe-vino-strapi/prod-svoe-vino/strapi/uploads/PU_Sjv7dn_M_Nil_H25_TO_9_Bcb_Fq_WE_Fmk_HJ_5_O_Xnj_Got_CN_vax_0croyl_P_3x_Y_Xp_E34_B238k_V_Muxth_JLK_Hv_6_IW_4_L_Ig_0e234892f1.webp"", ""basename"": ""PU_Sjv7dn_M_Nil_H25_TO_9_Bcb_Fq_WE_Fmk_HJ_5_O_Xnj_Got_CN_vax_0croyl_P_3x_Y_Xp_E34_B238k_V_Muxth_JLK_Hv_6_IW_4_L_Ig_0e234892f1.webp"", ""score"": 4, ""matched_tokens"": [""vax""]}, {""archive_path"": ""prod-svoe-vino-strapi/prod-svoe-vino/strapi/uploads/Fanagoriya_beloe_polusladkoe_ona_skazala_da_5ed0a48dfd.webp"", ""basename"": ""Fanagoriya_beloe_polusladkoe_ona_skazala_da_5ed0a48dfd.webp"", ""score"": 2, ""matched_tokens"": [""fanagoriya""]}, {""archive_path"": ""prod-svoe-vino-strapi/prod-svoe-vino/strapi/uploads/Fanagoriya_bryut_beloe_ona_skazala_da_7be00b028a.webp"", ""basename"": ""Fanagoriya_bryut_beloe_ona_skazala_da_7be00b028a.webp"", ""score"": 2, ""matched_tokens"": [""fanagoriya""]}, {""archive_path"": ""prod-svoe-vino-strapi/prod-svoe-vino/strapi/uploads/Fanagoriya_kosmetika_a8f7e0c403.webp"", ""basename"": ""Fanagoriya_kosmetika_a8f7e0c403.webp"", ""score"": 2, ""matched_tokens"": [""fanagoriya""]}, {""archive_path"": ""prod-svoe-vino-strapi/prod-svoe-vino/strapi/uploads/Kagor_fanagoriya_vintazh_3166635c39.webp"", ""basename"": ""Kagor_fanagoriya_vintazh_3166635c39.webp"", ""score"": 2, ""matched_tokens"": [""fanagoriya""]}]",[]
rozovoe-polusladkoe-1,Розовое полусладкое,Розовое,Золотая Балка,PUSjv7dnMNilH25TO9BcbD-vEZBMijpNGRWvy6uIfxkFrYqzmnHkbTDNSqlQSkM5nnryrf3SdJnvNIRGZKU_eQ==.webp,unmatched,no_deterministic_media_candidate,unmatched,ASCII name without deterministic candidate,18,4,"[{""archive_path"": ""prod-svoe-vino-strapi/prod-svoe-vino/strapi/uploads/Zolotaya_Balka_7d7ab5b81d.webp"", ""basename"": ""Zolotaya_Balka_7d7ab5b81d.webp"", ""score"": 4, ""matched_tokens"": [""balka"", ""zolotaya""]}, {""archive_path"": ""prod-svoe-vino-strapi/prod-svoe-vino/strapi/uploads/Zolotaya_Balka_igristoe_krasnoe_polusladkoe_8604608e59.webp"", ""basename"": ""Zolotaya_Balka_igristoe_krasnoe_polusladkoe_8604608e59.webp"", ""score"": 4, ""matched_tokens"": [""balka"", ""zolotaya""]}, {""archive_path"": ""prod-svoe-vino-strapi/prod-svoe-vino/strapi/uploads/zolotaya_balka_0ab08c875e.webp"", ""basename"": ""zolotaya_balka_0ab08c875e.webp"", ""score"": 4, ""matched_tokens"": [""balka"", ""zolotaya""]}, {""archive_path"": ""prod-svoe-vino-strapi/prod-svoe-vino/strapi/uploads/zolotaya_balka_black_prince_crimea_prestige_cuvee_extra_brut_limited_edition_shardone_beloe_ekstra_bryut_125_93ec57c2e6.webp"", ""basename"": ""zolotaya_balka_black_prince_crimea_prestige_cuvee_extra_brut_limited_edition_shardone_beloe_ekstra_bryut_125_93ec57c2e6.webp"", ""score"": 4, ""matched_tokens"": [""balka"", ""zolotaya""]}, {""archive_path"": ""prod-svoe-vino-strapi/prod-svoe-vino/strapi/uploads/zolotaya_balka_blanc_de_neige_shardone_beloe_suhoe_125_33030faa53.webp"", ""basename"": ""zolotaya_balka_blanc_de_neige_shardone_beloe_suhoe_125_33030faa53.webp"", ""score"": 4, ""matched_tokens"": [""balka"", ""zolotaya""]}]",[]
sosedi-aligote-shardone-2025,Соседи Алиготе/Шардоне 2025,Белое,Коммуналка,DSC00842.webp,unmatched,no_deterministic_media_candidate,unmatched,ASCII name without deterministic candidate,263,5,"[{""archive_path"": ""prod-svoe-vino-strapi/prod-svoe-vino/strapi/uploads/vinodelnya_myshako_shardone_aligote_kyuve_beloe_suhoe_125_d066e8c407.webp"", ""basename"": ""vinodelnya_myshako_shardone_aligote_kyuve_beloe_suhoe_125_d066e8c407.webp"", ""score"": 5, ""matched_tokens"": [""aligote"", ""shardone""]}, {""archive_path"": ""prod-svoe-vino-strapi/prod-svoe-vino/strapi/uploads/zmv_koktebel_atmosfera_aligote_rkatsiteli_shardone_beloe_suhoe_11_c621a4aae9.webp"", ""basename"": ""zmv_koktebel_atmosfera_aligote_rkatsiteli_shardone_beloe_suhoe_11_c621a4aae9.webp"", ""score"": 5, ""matched_tokens"": [""aligote"", ""shardone""]}, {""archive_path"": ""prod-svoe-vino-strapi/prod-svoe-vino/strapi/uploads/zmv_koktebel_atmosfera_rkatsiteli_aligote_kokur_muskat_belyy_shardone_beloe_polusladkoe_11_773cbbcc47.webp"", ""basename"": ""zmv_koktebel_atmosfera_rkatsiteli_aligote_kokur_muskat_belyy_shardone_beloe_polusladkoe_11_773cbbcc47.webp"", ""score"": 5, ""matched_tokens"": [""aligote"", ""shardone""]}, {""archive_path"": ""prod-svoe-vino-strapi/prod-svoe-vino/strapi/uploads/2024gu_Normal_Sh_T_Shardone_suhoe_beloe_0_187_d584f67f36.webp"", ""basename"": ""2024gu_Normal_Sh_T_Shardone_suhoe_beloe_0_187_d584f67f36.webp"", ""score"": 4, ""matched_tokens"": [""shardone""]}, {""archive_path"": ""prod-svoe-vino-strapi/prod-svoe-vino/strapi/uploads/2024gu_Normal_Sh_T_Shardone_suhoe_beloe_0_75_a190db1db4.webp"", ""basename"": ""2024gu_Normal_Sh_T_Shardone_suhoe_beloe_0_75_a190db1db4.webp"", ""score"": 4, ""matched_tokens"": [""shardone""]}]",[]
fanagoriya-fanagoriya-hey-bey-shardone-beloe-suhoe-13,Фанагория Хей Бэй Шардоне,Белое,Фанагория,fanagoriya-fanagoriya-hey-bey-shardone-beloe-suhoe-13.webp,unmatched,no_deterministic_media_candidate,unmatched,ASCII name without deterministic candidate,307,18,"[{""archive_path"": ""prod-svoe-vino-strapi/prod-svoe-vino/strapi/uploads/fanagoriya_100_ottenkov_shardone_beloe_suhoe_14_dd14e33b83.webp"", ""basename"": ""fanagoriya_100_ottenkov_shardone_beloe_suhoe_14_dd14e33b83.webp"", ""score"": 18, ""matched_tokens"": [""fanagoriya"", ""shardone""]}, {""archive_path"": ""prod-svoe-vino-strapi/prod-svoe-vino/strapi/uploads/fanagoriya_alveus_ultra_cuvee_brut_shardone_beloe_bryut_12_b29ade1dcd.webp"", ""basename"": ""fanagoriya_alveus_ultra_cuvee_brut_shardone_beloe_bryut_12_b29ade1dcd.webp"", ""score"": 18, ""matched_tokens"": [""fanagoriya"", ""shardone""]}, {""archive_path"": ""prod-svoe-vino-strapi/prod-svoe-vino/strapi/uploads/fanagoriya_blanc_de_blancs_shardone_igristoe_bryut_beloe_12_4071ae25d5.webp"", ""basename"": ""fanagoriya_blanc_de_blancs_shardone_igristoe_bryut_beloe_12_4071ae25d5.webp"", ""score"": 18, ""matched_tokens"": [""fanagoriya"", ""shardone""]}, {""archive_path"": ""prod-svoe-vino-strapi/prod-svoe-vino/strapi/uploads/fanagoriya_cru_lermont_chardonnay_shardone_beloe_suhoe_14_435c653682.webp"", ""basename"": ""fanagoriya_cru_lermont_chardonnay_shardone_beloe_suhoe_14_435c653682.webp"", ""score"": 18, ""matched_tokens"": [""fanagoriya"", ""shardone""]}, {""archive_path"": ""prod-svoe-vino-strapi/prod-svoe-vino/strapi/uploads/fanagoriya_dekanter_chardonnay_2020_shardone_beloe_suhoe_135_b72982bc7e.webp"", ""basename"": ""fanagoriya_dekanter_chardonnay_2020_shardone_beloe_suhoe_135_b72982bc7e.webp"", ""score"": 18, ""matched_tokens"": [""fanagoriya"", ""shardone""]}]",[]
shardone-1,Шардоне,Белое,Усадьба Перовских,PUSjv7dnMNilH25TO9BcbIbfSU67qXP-Tkd6Y5OIE-TOcQSUaS_2C-87ope9zesJn82p4L47By9VOGsbunuoUg==.webp,unmatched,no_deterministic_media_candidate,unmatched,ASCII name without deterministic candidate,278,8,"[{""archive_path"": ""prod-svoe-vino-strapi/prod-svoe-vino/strapi/uploads/usadba_perovskih_blanc_de_blancs_shardone_igristoe_ekstra_bryut_beloe_11_f486d972d4.webp"", ""basename"": ""usadba_perovskih_blanc_de_blancs_shardone_igristoe_ekstra_bryut_beloe_11_f486d972d4.webp"", ""score"": 8, ""matched_tokens"": [""perovskih"", ""shardone"", ""usadba""]}, {""archive_path"": ""prod-svoe-vino-strapi/prod-svoe-vino/strapi/uploads/usadba_divnomorskoe_blanc_de_blancs_shardone_igristoe_ekstra_bryut_beloe_12_c91b1a3468.webp"", ""basename"": ""usadba_divnomorskoe_blanc_de_blancs_shardone_igristoe_ekstra_bryut_beloe_12_c91b1a3468.webp"", ""score"": 6, ""matched_tokens"": [""shardone"", ""usadba""]}, {""archive_path"": ""prod-svoe-vino-strapi/prod-svoe-vino/strapi/uploads/usadba_divnomorskoe_grande_cuvee_shardone_igristoe_bryut_beloe_125_00b1325ee6.webp"", ""basename"": ""usadba_divnomorskoe_grande_cuvee_shardone_igristoe_bryut_beloe_125_00b1325ee6.webp"", ""score"": 6, ""matched_tokens"": [""shardone"", ""usadba""]}, {""archive_path"": ""prod-svoe-vino-strapi/prod-svoe-vino/strapi/uploads/usadba_divnomorskoe_maris_blanc_de_blanc_extra_brut_shardone_beloe_ekstra_bryut_105_2146bdc77b.webp"", ""basename"": ""usadba_divnomorskoe_maris_blanc_de_blanc_extra_brut_shardone_beloe_ekstra_bryut_105_2146bdc77b.webp"", ""score"": 6, ""matched_tokens"": [""shardone"", ""usadba""]}, {""archive_path"": ""prod-svoe-vino-strapi/prod-svoe-vino/strapi/uploads/usadba_divnomorskoe_solnechnyy_veter_shardone_beloe_suhoe_125_28a7d7de96.webp"", ""basename"": ""usadba_divnomorskoe_solnechnyy_veter_shardone_beloe_suhoe_125_28a7d7de96.webp"", ""score"": 6, ""matched_tokens"": [""shardone"", ""usadba""]}]",[]
shardone-rezerv,Шардоне Резерв,Белое,Усадьба Перовских,PUSjv7dnMNilH25TO9BcbHkhy9GPzI7UikTrjqAuOFZ-YN4SEPtoIMmBiuJ5iq0yIn803bn9p7xkFdrkWgmf5A==.webp,unmatched,no_deterministic_media_candidate,unmatched,ASCII name without deterministic candidate,278,8,"[{""archive_path"": ""prod-svoe-vino-strapi/prod-svoe-vino/strapi/uploads/usadba_perovskih_blanc_de_blancs_shardone_igristoe_ekstra_bryut_beloe_11_f486d972d4.webp"", ""basename"": ""usadba_perovskih_blanc_de_blancs_shardone_igristoe_ekstra_bryut_beloe_11_f486d972d4.webp"", ""score"": 8, ""matched_tokens"": [""perovskih"", ""shardone"", ""usadba""]}, {""archive_path"": ""prod-svoe-vino-strapi/prod-svoe-vino/strapi/uploads/usadba_divnomorskoe_blanc_de_blancs_shardone_igristoe_ekstra_bryut_beloe_12_c91b1a3468.webp"", ""basename"": ""usadba_divnomorskoe_blanc_de_blancs_shardone_igristoe_ekstra_bryut_beloe_12_c91b1a3468.webp"", ""score"": 6, ""matched_tokens"": [""shardone"", ""usadba""]}, {""archive_path"": ""prod-svoe-vino-strapi/prod-svoe-vino/strapi/uploads/usadba_divnomorskoe_grande_cuvee_shardone_igristoe_bryut_beloe_125_00b1325ee6.webp"", ""basename"": ""usadba_divnomorskoe_grande_cuvee_shardone_igristoe_bryut_beloe_125_00b1325ee6.webp"", ""score"": 6, ""matched_tokens"": [""shardone"", ""usadba""]}, {""archive_path"": ""prod-svoe-vino-strapi/prod-svoe-vino/strapi/uploads/usadba_divnomorskoe_maris_blanc_de_blanc_extra_brut_shardone_beloe_ekstra_bryut_105_2146bdc77b.webp"", ""basename"": ""usadba_divnomorskoe_maris_blanc_de_blanc_extra_brut_shardone_beloe_ekstra_bryut_105_2146bdc77b.webp"", ""score"": 6, ""matched_tokens"": [""shardone"", ""usadba""]}, {""archive_path"": ""prod-svoe-vino-strapi/prod-svoe-vino/strapi/uploads/usadba_divnomorskoe_solnechnyy_veter_shardone_beloe_suhoe_125_28a7d7de96.webp"", ""basename"": ""usadba_divnomorskoe_solnechnyy_veter_shardone_beloe_suhoe_125_28a7d7de96.webp"", ""score"": 6, ""matched_tokens"": [""shardone"", ""usadba""]}]",[]
vibes-silvaner-barrel-fermented-2022,"VIBES, Silvaner Barrel Fermented 2022",Белое,Vibes,03-Silvaner-2022-Barrel-Fermented.webp,matched,manual_override_matched,shared_photo_name,shared by 2 slugs,,,[],"[""prod-svoe-vino-strapi/prod-svoe-vino/strapi/uploads/03_Silvaner_2022_Barrel_Fermented_01addc1e7f.webp"", ""prod-svoe-vino-strapi/prod-svoe-vino/strapi/uploads/03_Silvaner_2022_Barrel_Fermented_505ca7243c.webp"", ""prod-svoe-vino-strapi/prod-svoe-vino/strapi/uploads/03_Silvaner_2022_Barrel_Fermented_a5aaf46b23.webp"", ""prod-svoe-vino-strapi/prod-svoe-vino/strapi/uploads/thumbnail_03_Silvaner_2022_Barrel_Fermented_01addc1e7f.webp"", ""prod-svoe-vino-strapi/prod-svoe-vino/strapi/uploads/thumbnail_03_Silvaner_2022_Barrel_Fermented_505ca7243c.webp"", ""prod-svoe-vino-strapi/prod-svoe-vino/strapi/uploads/thumbnail_03_Silvaner_2022_Barrel_Fermented_a5aaf46b23.webp""]"
vibes-vermentino-viognier-barrel-fermented-2022,"Vibes, Vermentino-Viognier Barrel Fermented 2022",Белое,Vibes,03-Silvaner-2022-Barrel-Fermented.webp,matched,manual_override_matched,shared_photo_name,shared by 2 slugs,,,[],"[""prod-svoe-vino-strapi/prod-svoe-vino/strapi/uploads/03_Silvaner_2022_Barrel_Fermented_01addc1e7f.webp"", ""prod-svoe-vino-strapi/prod-svoe-vino/strapi/uploads/03_Silvaner_2022_Barrel_Fermented_505ca7243c.webp"", ""prod-svoe-vino-strapi/prod-svoe-vino/strapi/uploads/03_Silvaner_2022_Barrel_Fermented_a5aaf46b23.webp"", ""prod-svoe-vino-strapi/prod-svoe-vino/strapi/uploads/thumbnail_03_Silvaner_2022_Barrel_Fermented_01addc1e7f.webp"", ""prod-svoe-vino-strapi/prod-svoe-vino/strapi/uploads/thumbnail_03_Silvaner_2022_Barrel_Fermented_505ca7243c.webp"", ""prod-svoe-vino-strapi/prod-svoe-vino/strapi/uploads/thumbnail_03_Silvaner_2022_Barrel_Fermented_a5aaf46b23.webp""]"
aligote-avtorskoe,Алиготе Авторское,Белое,Массандра,4285_eqF1Fau-no-bg-preview (carve.photos).webp,unmatched,no_deterministic_media_candidate,shared_photo_name,shared by 2 slugs,,,[],[]
aligote-avtorskoe-vino,Алиготе. Авторское вино,Белое,Массандра,4285_eqF1Fau-no-bg-preview (carve.photos).webp,unmatched,no_deterministic_media_candidate,shared_photo_name,shared by 2 slugs,,,[],[]
novyj-svet-polusladkoe,Новый Свет полусладкое,Белое,Новый Свет. Дом шампанских вин,4300_tlKHpEg.webp,unmatched,no_deterministic_media_candidate,shared_photo_name,shared by 2 slugs,,,[],[]
novyj-svet-vyderzhannoe-bryut,Новый Свет выдержанное брют,Белое,Новый Свет. Дом шампанских вин,4300_tlKHpEg.webp,matched,manual_override_matched,shared_photo_name,shared by 2 slugs,,,[],"[""prod-svoe-vino-strapi/prod-svoe-vino/strapi/uploads/novyy_svet_dom_shampanskih_vin_rossiyskoe_shampanskoe_vyderzhannoe_bryut_beloe_novyy_svet_shardone_125_360e04943f.webp""]"
method-classic-kokur,Method Classic Кокур,Белое,Винодельня Братьев Мельниковых,DSC00836.webp,unmatched,no_deterministic_media_candidate,shared_photo_name,shared by 2 slugs,,,[],[]
pino-nuar-2025,"Пино Нуар, 2025",Розовое,Винодельня Братьев Мельниковых,DSC00836.webp,unmatched,no_deterministic_media_candidate,shared_photo_name,shared by 2 slugs,,,[],[]
kokur-2025,"Кокур, 2025",Белое,Винодельня Братьев Мельниковых,DSC00839-Photoroom.webp,unmatched,no_deterministic_media_candidate,shared_photo_name,shared by 2 slugs,,,[],[]
kokur-suhoe-2025,"Кокур Сухое, 2025",Белое,Винодельня Братьев Мельниковых,DSC00839-Photoroom.webp,unmatched,no_deterministic_media_candidate,shared_photo_name,shared by 2 slugs,,,[],[]
aligote-barrel-2024,"Алиготе Баррель, 2024",Белое,Коммуналка,DSC09173.webp,unmatched,no_deterministic_media_candidate,shared_photo_name,shared by 2 slugs,,,[],[]
aligote-barrel-2025,"Алиготе Баррель, 2025",Белое,Коммуналка,DSC09173.webp,unmatched,no_deterministic_media_candidate,shared_photo_name,shared by 2 slugs,,,[],[]
cabernet-franc-pinot-noir-2021,Cabernet Franc-Pinot Noir 2021,Красное,Vibes,bottle-02-Cabernet_Franc.webp,matched,strapi_normalized_original,shared_photo_name,shared by 2 slugs,,,[],"[""prod-svoe-vino-strapi/prod-svoe-vino/strapi/uploads/bottle_02_Cabernet_Franc_ec42fb71c4.webp"", ""prod-svoe-vino-strapi/prod-svoe-vino/strapi/uploads/thumbnail_bottle_02_Cabernet_Franc_ec42fb71c4.webp""]"
cabernet-franc-pinot-noir-2022,Cabernet Franc-Pinot Noir 2022,Красное,Vibes,bottle-02-Cabernet_Franc.webp,matched,strapi_normalized_original,shared_photo_name,shared by 2 slugs,,,[],"[""prod-svoe-vino-strapi/prod-svoe-vino/strapi/uploads/bottle_02_Cabernet_Franc_ec42fb71c4.webp"", ""prod-svoe-vino-strapi/prod-svoe-vino/strapi/uploads/thumbnail_bottle_02_Cabernet_Franc_ec42fb71c4.webp""]"
agora-yachting-cabernet-sauvignon,Agora Yachting Cabernet Sauvignon,Красное,AGORA WINERY,Агора Резерв Яхтинг Совиньон — копия.webp,matched,transliterated_punctuation_normalized_crc_identical_original,shared_photo_name,shared by 2 slugs,,,[],"[""prod-svoe-vino-strapi/prod-svoe-vino/strapi/uploads/Agora_Rezerv_Yahting_Sovinon_kopiya_066436e3ad.webp"", ""prod-svoe-vino-strapi/prod-svoe-vino/strapi/uploads/Agora_Rezerv_Yahting_Sovinon_kopiya_25525931ef.webp"", ""prod-svoe-vino-strapi/prod-svoe-vino/strapi/uploads/thumbnail_Agora_Rezerv_Yahting_Sovinon_kopiya_066436e3ad.webp"", ""prod-svoe-vino-strapi/prod-svoe-vino/strapi/uploads/thumbnail_Agora_Rezerv_Yahting_Sovinon_kopiya_25525931ef.webp""]"
agora-yachting-sauvignon,Agora Yachting Sauvignon,Белое,AGORA WINERY,Агора Резерв Яхтинг Совиньон — копия.webp,matched,transliterated_punctuation_normalized_crc_identical_original,shared_photo_name,shared by 2 slugs,,,[],"[""prod-svoe-vino-strapi/prod-svoe-vino/strapi/uploads/Agora_Rezerv_Yahting_Sovinon_kopiya_066436e3ad.webp"", ""prod-svoe-vino-strapi/prod-svoe-vino/strapi/uploads/Agora_Rezerv_Yahting_Sovinon_kopiya_25525931ef.webp"", ""prod-svoe-vino-strapi/prod-svoe-vino/strapi/uploads/thumbnail_Agora_Rezerv_Yahting_Sovinon_kopiya_066436e3ad.webp"", ""prod-svoe-vino-strapi/prod-svoe-vino/strapi/uploads/thumbnail_Agora_Rezerv_Yahting_Sovinon_kopiya_25525931ef.webp""]"
zhemchuzhnaya-9-aligote-czitron,"Жемчужная 9 Алиготе, Цитрон",Белое,АРАТТИ,"Алиготе, Цитрон бел.сух.webp",matched,manual_override_matched,shared_photo_name,shared by 2 slugs,,,[],"[""prod-svoe-vino-strapi/prod-svoe-vino/strapi/uploads/Aligote_Czitron_bel_suh_1cc2763d35.webp""]"
zhemchuzhnaya-9-czitron-shardone,"Жемчужная 9 Цитрон, Шардоне",Белое,АРАТТИ,"Алиготе, Цитрон бел.сух.webp",unmatched,no_deterministic_media_candidate,shared_photo_name,shared by 2 slugs,,,[],[]
vinodelnya-byurne-byurne-pino-blan-beloe-suhoe-14,БЮРНЬЕ.ПИНО БЛАН сухое белое,Белое,Винодельня Бюрнье,Вионье 2023.webp,matched,transliterated_normalized_original,shared_photo_name,shared by 2 slugs,,,[],"[""prod-svoe-vino-strapi/prod-svoe-vino/strapi/uploads/Vione_2023_13d6c1ebf6.webp"", ""prod-svoe-vino-strapi/prod-svoe-vino/strapi/uploads/thumbnail_Vione_2023_13d6c1ebf6.webp""]"
vinodelnya-byurne-vione-beloe-suhoe-135,БЮРНЬЕ.ВИОНЬЕ сухое белое,Белое,Винодельня Бюрнье,Вионье 2023.webp,matched,transliterated_normalized_original,shared_photo_name,shared by 2 slugs,,,[],"[""prod-svoe-vino-strapi/prod-svoe-vino/strapi/uploads/Vione_2023_13d6c1ebf6.webp"", ""prod-svoe-vino-strapi/prod-svoe-vino/strapi/uploads/thumbnail_Vione_2023_13d6c1ebf6.webp""]"
rebo-rezerv,Ребо резерв,Красное,Cellar Master,Ребо reserve_2023.webp,matched,transliterated_normalized_original,shared_photo_name,shared by 2 slugs,,,[],"[""prod-svoe-vino-strapi/prod-svoe-vino/strapi/uploads/Rebo_reserve_2023_2f54a334ff.webp"", ""prod-svoe-vino-strapi/prod-svoe-vino/strapi/uploads/thumbnail_Rebo_reserve_2023_2f54a334ff.webp""]"
sand-zh-oveze-rezerv,Санджовезе резерв,Красное,Cellar Master,Ребо reserve_2023.webp,matched,transliterated_normalized_original,shared_photo_name,shared by 2 slugs,,,[],"[""prod-svoe-vino-strapi/prod-svoe-vino/strapi/uploads/Rebo_reserve_2023_2f54a334ff.webp"", ""prod-svoe-vino-strapi/prod-svoe-vino/strapi/uploads/thumbnail_Rebo_reserve_2023_2f54a334ff.webp""]"
aratti-shardone-beloe-suhoe,АРАТТИ Шардоне белое сухое,Белое,АРАТТИ,Шардоне.webp,matched,manual_override_matched,shared_photo_name,shared by 2 slugs,,,[],"[""prod-svoe-vino-strapi/prod-svoe-vino/strapi/uploads/Shardone_056d86321c.webp"", ""prod-svoe-vino-strapi/prod-svoe-vino/strapi/uploads/Shardone_54bbd4df90.webp"", ""prod-svoe-vino-strapi/prod-svoe-vino/strapi/uploads/Shardone_7979eae973.webp"", ""prod-svoe-vino-strapi/prod-svoe-vino/strapi/uploads/Shardone_9b98fc620c.webp"", ""prod-svoe-vino-strapi/prod-svoe-vino/strapi/uploads/Shardone_ada18c9eae.webp"", ""prod-svoe-vino-strapi/prod-svoe-vino/strapi/uploads/Shardone_bc7a5932e5.webp"", ""prod-svoe-vino-strapi/prod-svoe-vino/strapi/uploads/Shardone_dc6ec8d1cb.webp"", ""prod-svoe-vino-strapi/prod-svoe-vino/strapi/uploads/Shardone_dd063700d2.webp"", ""prod-svoe-vino-strapi/prod-svoe-vino/strapi/uploads/large_Shardone_54bbd4df90.webp"", ""prod-svoe-vino-strapi/prod-svoe-vino/strapi/uploads/medium_Shardone_54bbd4df90.webp"", ""prod-svoe-vino-strapi/prod-svoe-vino/strapi/uploads/small_Shardone_54bbd4df90.webp"", ""prod-svoe-vino-strapi/prod-svoe-vino/strapi/uploads/thumbnail_Shardone_056d86321c.webp"", ""prod-svoe-vino-strapi/prod-svoe-vino/strapi/uploads/thumbnail_Shardone_54bbd4df90.webp"", ""prod-svoe-vino-strapi/prod-svoe-vino/strapi/uploads/thumbnail_Shardone_7979eae973.webp"", ""prod-svoe-vino-strapi/prod-svoe-vino/strapi/uploads/thumbnail_Shardone_9b98fc620c.webp"", ""prod-svoe-vino-strapi/prod-svoe-vino/strapi/uploads/thumbnail_Shardone_ada18c9eae.webp"", ""prod-svoe-vino-strapi/prod-svoe-vino/strapi/uploads/thumbnail_Shardone_bc7a5932e5.webp"", ""prod-svoe-vino-strapi/prod-svoe-vino/strapi/uploads/thumbnail_Shardone_dc6ec8d1cb.webp"", ""prod-svoe-vino-strapi/prod-svoe-vino/strapi/uploads/thumbnail_Shardone_dd063700d2.webp""]"
shardone-balaklava,Шардоне Балаклава,Белое,Золотая Балка,Шардоне.webp,matched,manual_override_matched,shared_photo_name,shared by 2 slugs,,,[],"[""prod-svoe-vino-strapi/prod-svoe-vino/strapi/uploads/Shardone_056d86321c.webp"", ""prod-svoe-vino-strapi/prod-svoe-vino/strapi/uploads/Shardone_54bbd4df90.webp"", ""prod-svoe-vino-strapi/prod-svoe-vino/strapi/uploads/Shardone_7979eae973.webp"", ""prod-svoe-vino-strapi/prod-svoe-vino/strapi/uploads/Shardone_9b98fc620c.webp"", ""prod-svoe-vino-strapi/prod-svoe-vino/strapi/uploads/Shardone_ada18c9eae.webp"", ""prod-svoe-vino-strapi/prod-svoe-vino/strapi/uploads/Shardone_bc7a5932e5.webp"", ""prod-svoe-vino-strapi/prod-svoe-vino/strapi/uploads/Shardone_dc6ec8d1cb.webp"", ""prod-svoe-vino-strapi/prod-svoe-vino/strapi/uploads/Shardone_dd063700d2.webp"", ""prod-svoe-vino-strapi/prod-svoe-vino/strapi/uploads/large_Shardone_54bbd4df90.webp"", ""prod-svoe-vino-strapi/prod-svoe-vino/strapi/uploads/medium_Shardone_54bbd4df90.webp"", ""prod-svoe-vino-strapi/prod-svoe-vino/strapi/uploads/small_Shardone_54bbd4df90.webp"", ""prod-svoe-vino-strapi/prod-svoe-vino/strapi/uploads/thumbnail_Shardone_056d86321c.webp"", ""prod-svoe-vino-strapi/prod-svoe-vino/strapi/uploads/thumbnail_Shardone_54bbd4df90.webp"", ""prod-svoe-vino-strapi/prod-svoe-vino/strapi/uploads/thumbnail_Shardone_7979eae973.webp"", ""prod-svoe-vino-strapi/prod-svoe-vino/strapi/uploads/thumbnail_Shardone_9b98fc620c.webp"", ""prod-svoe-vino-strapi/prod-svoe-vino/strapi/uploads/thumbnail_Shardone_ada18c9eae.webp"", ""prod-svoe-vino-strapi/prod-svoe-vino/strapi/uploads/thumbnail_Shardone_bc7a5932e5.webp"", ""prod-svoe-vino-strapi/prod-svoe-vino/strapi/uploads/thumbnail_Shardone_dc6ec8d1cb.webp"", ""prod-svoe-vino-strapi/prod-svoe-vino/strapi/uploads/thumbnail_Shardone_dd063700d2.webp""]"
merlo,Мерло,Красное,Галицкий и Галицкий,мерло.webp,matched,manual_override_matched,shared_photo_name,shared by 2 slugs,,,[],"[""prod-svoe-vino-strapi/prod-svoe-vino/strapi/uploads/merlo_89592556f7.webp"", ""prod-svoe-vino-strapi/prod-svoe-vino/strapi/uploads/merlo_d6c03313e4.webp"", ""prod-svoe-vino-strapi/prod-svoe-vino/strapi/uploads/thumbnail_merlo_89592556f7.webp"", ""prod-svoe-vino-strapi/prod-svoe-vino/strapi/uploads/thumbnail_merlo_d6c03313e4.webp""]"
merlo-1,Мерло,Красное,Mantra Estate,мерло.webp,matched,manual_override_matched,shared_photo_name,shared by 2 slugs,,,[],"[""prod-svoe-vino-strapi/prod-svoe-vino/strapi/uploads/merlo_89592556f7.webp"", ""prod-svoe-vino-strapi/prod-svoe-vino/strapi/uploads/merlo_d6c03313e4.webp"", ""prod-svoe-vino-strapi/prod-svoe-vino/strapi/uploads/thumbnail_merlo_89592556f7.webp"", ""prod-svoe-vino-strapi/prod-svoe-vino/strapi/uploads/thumbnail_merlo_d6c03313e4.webp""]"
